activation_payload_id	payload_version	source_mode	strategy_label	chain_id	sample_index	H0_value	H0_basin_label	branch_label	sticking_score	separation_metric	transition_indicator	regime_label	z_axis	bao_axis	planck_axis	display_group	source_reference	claim_boundary
strategy_ab_activation_synthetic_proxy_payload_v1	v1	SYNTHETIC_PROXY	Strategy_A	pseudo_chain_A	0	59.550000	low_H0	A	0.000970390	0.150000000	0.000941902	regime_1				Strategy A/B synthetic proxy activation	/Users/fujikijunichi/Desktop/MAXOMEGA/_paper_journal/paper_20260305_102018_audit_sensitivity/_STRATEGY_AB_PROXY_EMULATOR_ACTIVATION_SYNTHETIC_PROXY_RULE_REVIEW_FREEZE_V1_20260614_092028	diagnostic_proxy_emulator_only
strategy_ab_activation_synthetic_proxy_payload_v1	v1	SYNTHETIC_PROXY	Strategy_A	pseudo_chain_A	1	59.835714	low_H0	A	0.001635390	0.150000000	0.001139312	regime_1				Strategy A/B synthetic proxy activation	/Users/fujikijunichi/Desktop/MAXOMEGA/_paper_journal/paper_20260305_102018_audit_sensitivity/_STRATEGY_AB_PROXY_EMULATOR_ACTIVATION_SYNTHETIC_PROXY_RULE_REVIEW_FREEZE_V1_20260614_092028	diagnostic_proxy_emulator_only
strategy_ab_activation_synthetic_proxy_payload_v1	v1	SYNTHETIC_PROXY	Strategy_A	pseudo_chain_A	2	60.121429	low_H0	A	0.002700433	0.150000000	0.001378040	regime_1				Strategy A/B synthetic proxy activation	/Users/fujikijunichi/Desktop/MAXOMEGA/_paper_journal/paper_20260305_102018_audit_sensitivity/_STRATEGY_AB_PROXY_EMULATOR_ACTIVATION_SYNTHETIC_PROXY_RULE_REVIEW_FREEZE_V1_20260614_092028	diagnostic_proxy_emulator_only
strategy_ab_activation_synthetic_proxy_payload_v1	v1	SYNTHETIC_PROXY	Strategy_A	pseudo_chain_A	3	60.407143	low_H0	A	0.004369002	0.150000000	0.001666706	regime_1				Strategy A/B synthetic proxy activation	/Users/fujikijunichi/Desktop/MAXOMEGA/_paper_journal/paper_20260305_102018_audit_sensitivity/_STRATEGY_AB_PROXY_EMULATOR_ACTIVATION_SYNTHETIC_PROXY_RULE_REVIEW_FREEZE_V1_20260614_092028	diagnostic_proxy_emulator_only
strategy_ab_activation_synthetic_proxy_payload_v1	v1	SYNTHETIC_PROXY	Strategy_A	pseudo_chain_A	4	60.692857	low_H0	A	0.006925768	0.150000000	0.002015718	regime_1				Strategy A/B synthetic proxy activation	/Users/fujikijunichi/Desktop/MAXOMEGA/_paper_journal/paper_20260305_102018_audit_sensitivity/_STRATEGY_AB_PROXY_EMULATOR_ACTIVATION_SYNTHETIC_PROXY_RULE_REVIEW_FREEZE_V1_20260614_092028	diagnostic_proxy_emulator_only
strategy_ab_activation_synthetic_proxy_payload_v1	v1	SYNTHETIC_PROXY	Strategy_A	pseudo_chain_A	5	60.978571	low_H0	A	0.010756982	0.150000000	0.002437637	regime_1				Strategy A/B synthetic proxy activation	/Users/fujikijunichi/Desktop/MAXOMEGA/_paper_journal/paper_20260305_102018_audit_sensitivity/_STRATEGY_AB_PROXY_EMULATOR_ACTIVATION_SYNTHETIC_PROXY_RULE_REVIEW_FREEZE_V1_20260614_092028	diagnostic_proxy_emulator_only
strategy_ab_activation_synthetic_proxy_payload_v1	v1	SYNTHETIC_PROXY	Strategy_A	pseudo_chain_A	6	61.264286	low_H0	A	0.016370042	0.150000000	0.002947607	regime_1				Strategy A/B synthetic proxy activation	/Users/fujikijunichi/Desktop/MAXOMEGA/_paper_journal/paper_20260305_102018_audit_sensitivity/_STRATEGY_AB_PROXY_EMULATOR_ACTIVATION_SYNTHETIC_PROXY_RULE_REVIEW_FREEZE_V1_20260614_092028	diagnostic_proxy_emulator_only
strategy_ab_activation_synthetic_proxy_payload_v1	v1	SYNTHETIC_PROXY	Strategy_A	pseudo_chain_A	7	61.550000	low_H0	A	0.024408777	0.150000000	0.003563887	regime_1				Strategy A/B synthetic proxy activation	/Users/fujikijunichi/Desktop/MAXOMEGA/_paper_journal/paper_20260305_102018_audit_sensitivity/_STRATEGY_AB_PROXY_EMULATOR_ACTIVATION_SYNTHETIC_PROXY_RULE_REVIEW_FREEZE_V1_20260614_092028	diagnostic_proxy_emulator_only
strategy_ab_activation_synthetic_proxy_payload_v1	v1	SYNTHETIC_PROXY	Strategy_A	pseudo_chain_A	8	61.835714	low_H0	A	0.035659815	0.150000000	0.004308459	regime_1				Strategy A/B synthetic proxy activation	/Users/fujikijunichi/Desktop/MAXOMEGA/_paper_journal/paper_20260305_102018_audit_sensitivity/_STRATEGY_AB_PROXY_EMULATOR_ACTIVATION_SYNTHETIC_PROXY_RULE_REVIEW_FREEZE_V1_20260614_092028	diagnostic_proxy_emulator_only
strategy_ab_activation_synthetic_proxy_payload_v1	v1	SYNTHETIC_PROXY	Strategy_A	pseudo_chain_A	9	62.121429	low_H0	A	0.051044504	0.150000000	0.005207776	regime_1				Strategy A/B synthetic proxy activation	/Users/fujikijunichi/Desktop/MAXOMEGA/_paper_journal/paper_20260305_102018_audit_sensitivity/_STRATEGY_AB_PROXY_EMULATOR_ACTIVATION_SYNTHETIC_PROXY_RULE_REVIEW_FREEZE_V1_20260614_092028	diagnostic_proxy_emulator_only
strategy_ab_activation_synthetic_proxy_payload_v1	v1	SYNTHETIC_PROXY	Strategy_A	pseudo_chain_A	10	62.407143	low_H0	A	0.071590558	0.150000000	0.006293624	regime_1				Strategy A/B synthetic proxy activation	/Users/fujikijunichi/Desktop/MAXOMEGA/_paper_journal/paper_20260305_102018_audit_sensitivity/_STRATEGY_AB_PROXY_EMULATOR_ACTIVATION_SYNTHETIC_PROXY_RULE_REVIEW_FREEZE_V1_20260614_092028	diagnostic_proxy_emulator_only
strategy_ab_activation_synthetic_proxy_payload_v1	v1	SYNTHETIC_PROXY	Strategy_A	pseudo_chain_A	11	62.692857	low_H0	A	0.098378308	0.150000000	0.007604145	regime_1				Strategy A/B synthetic proxy activation	/Users/fujikijunichi/Desktop/MAXOMEGA/_paper_journal/paper_20260305_102018_audit_sensitivity/_STRATEGY_AB_PROXY_EMULATOR_ACTIVATION_SYNTHETIC_PROXY_RULE_REVIEW_FREEZE_V1_20260614_092028	diagnostic_proxy_emulator_only
strategy_ab_activation_synthetic_proxy_payload_v1	v1	SYNTHETIC_PROXY	Strategy_A	pseudo_chain_A	12	62.978571	low_H0	A	0.132458490	0.150000000	0.009185034	regime_1				Strategy A/B synthetic proxy activation	/Users/fujikijunichi/Desktop/MAXOMEGA/_paper_journal/paper_20260305_102018_audit_sensitivity/_STRATEGY_AB_PROXY_EMULATOR_ACTIVATION_SYNTHETIC_PROXY_RULE_REVIEW_FREEZE_V1_20260614_092028	diagnostic_proxy_emulator_only
strategy_ab_activation_synthetic_proxy_payload_v1	v1	SYNTHETIC_PROXY	Strategy_A	pseudo_chain_A	13	63.264286	low_H0	A	0.174741917	0.150000000	0.011090914	regime_1				Strategy A/B synthetic proxy activation	/Users/fujikijunichi/Desktop/MAXOMEGA/_paper_journal/paper_20260305_102018_audit_sensitivity/_STRATEGY_AB_PROXY_EMULATOR_ACTIVATION_SYNTHETIC_PROXY_RULE_REVIEW_FREEZE_V1_20260614_092028	diagnostic_proxy_emulator_only
strategy_ab_activation_synthetic_proxy_payload_v1	v1	SYNTHETIC_PROXY	Strategy_A	pseudo_chain_A	14	63.550000	low_H0	A	0.225866198	0.150000000	0.013386918	regime_1				Strategy A/B synthetic proxy activation	/Users/fujikijunichi/Desktop/MAXOMEGA/_paper_journal/paper_20260305_102018_audit_sensitivity/_STRATEGY_AB_PROXY_EMULATOR_ACTIVATION_SYNTHETIC_PROXY_RULE_REVIEW_FREEZE_V1_20260614_092028	diagnostic_proxy_emulator_only
strategy_ab_activation_synthetic_proxy_payload_v1	v1	SYNTHETIC_PROXY	Strategy_A	pseudo_chain_A	15	63.835714	low_H0	A	0.286050185	0.150000000	0.016150470	regime_1				Strategy A/B synthetic proxy activation	/Users/fujikijunichi/Desktop/MAXOMEGA/_paper_journal/paper_20260305_102018_audit_sensitivity/_STRATEGY_AB_PROXY_EMULATOR_ACTIVATION_SYNTHETIC_PROXY_RULE_REVIEW_FREEZE_V1_20260614_092028	diagnostic_proxy_emulator_only
strategy_ab_activation_synthetic_proxy_payload_v1	v1	SYNTHETIC_PROXY	Strategy_A	pseudo_chain_A	16	64.121429	low_H0	A	0.354952364	0.150000000	0.019473261	regime_1				Strategy A/B synthetic proxy activation	/Users/fujikijunichi/Desktop/MAXOMEGA/_paper_journal/paper_20260305_102018_audit_sensitivity/_STRATEGY_AB_PROXY_EMULATOR_ACTIVATION_SYNTHETIC_PROXY_RULE_REVIEW_FREEZE_V1_20260614_092028	diagnostic_proxy_emulator_only
strategy_ab_activation_synthetic_proxy_payload_v1	v1	SYNTHETIC_PROXY	Strategy_A	pseudo_chain_A	17	64.407143	low_H0	A	0.431553616	0.150000000	0.023463378	regime_1				Strategy A/B synthetic proxy activation	/Users/fujikijunichi/Desktop/MAXOMEGA/_paper_journal/paper_20260305_102018_audit_sensitivity/_STRATEGY_AB_PROXY_EMULATOR_ACTIVATION_SYNTHETIC_PROXY_RULE_REVIEW_FREEZE_V1_20260614_092028	diagnostic_proxy_emulator_only
strategy_ab_activation_synthetic_proxy_payload_v1	v1	SYNTHETIC_PROXY	Strategy_A	pseudo_chain_A	18	64.692857	low_H0	A	0.514086613	0.150000000	0.028247526	regime_1				Strategy A/B synthetic proxy activation	/Users/fujikijunichi/Desktop/MAXOMEGA/_paper_journal/paper_20260305_102018_audit_sensitivity/_STRATEGY_AB_PROXY_EMULATOR_ACTIVATION_SYNTHETIC_PROXY_RULE_REVIEW_FREEZE_V1_20260614_092028	diagnostic_proxy_emulator_only
strategy_ab_activation_synthetic_proxy_payload_v1	v1	SYNTHETIC_PROXY	Strategy_A	pseudo_chain_A	19	64.978571	low_H0	A	0.600032365	0.150000000	0.033973218	regime_1				Strategy A/B synthetic proxy activation	/Users/fujikijunichi/Desktop/MAXOMEGA/_paper_journal/paper_20260305_102018_audit_sensitivity/_STRATEGY_AB_PROXY_EMULATOR_ACTIVATION_SYNTHETIC_PROXY_RULE_REVIEW_FREEZE_V1_20260614_092028	diagnostic_proxy_emulator_only
strategy_ab_activation_synthetic_proxy_payload_v1	v1	SYNTHETIC_PROXY	Strategy_A	pseudo_chain_A	20	65.264286	low_H0	A	0.686198723	0.150000000	0.040810750	regime_1				Strategy A/B synthetic proxy activation	/Users/fujikijunichi/Desktop/MAXOMEGA/_paper_journal/paper_20260305_102018_audit_sensitivity/_STRATEGY_AB_PROXY_EMULATOR_ACTIVATION_SYNTHETIC_PROXY_RULE_REVIEW_FREEZE_V1_20260614_092028	diagnostic_proxy_emulator_only
strategy_ab_activation_synthetic_proxy_payload_v1	v1	SYNTHETIC_PROXY	Strategy_A	pseudo_chain_A	21	65.550000	low_H0	A	0.768886050	0.150000000	0.048954684	regime_1				Strategy A/B synthetic proxy activation	/Users/fujikijunichi/Desktop/MAXOMEGA/_paper_journal/paper_20260305_102018_audit_sensitivity/_STRATEGY_AB_PROXY_EMULATOR_ACTIVATION_SYNTHETIC_PROXY_RULE_REVIEW_FREEZE_V1_20260614_092028	diagnostic_proxy_emulator_only
strategy_ab_activation_synthetic_proxy_payload_v1	v1	SYNTHETIC_PROXY	Strategy_A	pseudo_chain_A	22	65.835714	low_H0	A	0.844133051	0.150000000	0.058624441	regime_1				Strategy A/B synthetic proxy activation	/Users/fujikijunichi/Desktop/MAXOMEGA/_paper_journal/paper_20260305_102018_audit_sensitivity/_STRATEGY_AB_PROXY_EMULATOR_ACTIVATION_SYNTHETIC_PROXY_RULE_REVIEW_FREEZE_V1_20260614_092028	diagnostic_proxy_emulator_only
strategy_ab_activation_synthetic_proxy_payload_v1	v1	SYNTHETIC_PROXY	Strategy_A	pseudo_chain_A	23	66.121429	low_H0	A	0.908022638	0.150000000	0.070063503	regime_1				Strategy A/B synthetic proxy activation	/Users/fujikijunichi/Desktop/MAXOMEGA/_paper_journal/paper_20260305_102018_audit_sensitivity/_STRATEGY_AB_PROXY_EMULATOR_ACTIVATION_SYNTHETIC_PROXY_RULE_REVIEW_FREEZE_V1_20260614_092028	diagnostic_proxy_emulator_only
strategy_ab_activation_synthetic_proxy_payload_v1	v1	SYNTHETIC_PROXY	Strategy_A	pseudo_chain_A	24	66.407143	low_H0	A	0.957016210	0.150000000	0.083536537	regime_1				Strategy A/B synthetic proxy activation	/Users/fujikijunichi/Desktop/MAXOMEGA/_paper_journal/paper_20260305_102018_audit_sensitivity/_STRATEGY_AB_PROXY_EMULATOR_ACTIVATION_SYNTHETIC_PROXY_RULE_REVIEW_FREEZE_V1_20260614_092028	diagnostic_proxy_emulator_only
strategy_ab_activation_synthetic_proxy_payload_v1	v1	SYNTHETIC_PROXY	Strategy_A	pseudo_chain_A	25	66.692857	low_H0	A	0.988277162	0.150000000	0.099323683	regime_1				Strategy A/B synthetic proxy activation	/Users/fujikijunichi/Desktop/MAXOMEGA/_paper_journal/paper_20260305_102018_audit_sensitivity/_STRATEGY_AB_PROXY_EMULATOR_ACTIVATION_SYNTHETIC_PROXY_RULE_REVIEW_FREEZE_V1_20260614_092028	diagnostic_proxy_emulator_only
strategy_ab_activation_synthetic_proxy_payload_v1	v1	SYNTHETIC_PROXY	Strategy_A	pseudo_chain_A	26	66.978571	low_H0	A	0.999942604	0.150000000	0.117711154	regime_1				Strategy A/B synthetic proxy activation	/Users/fujikijunichi/Desktop/MAXOMEGA/_paper_journal/paper_20260305_102018_audit_sensitivity/_STRATEGY_AB_PROXY_EMULATOR_ACTIVATION_SYNTHETIC_PROXY_RULE_REVIEW_FREEZE_V1_20260614_092028	diagnostic_proxy_emulator_only
strategy_ab_activation_synthetic_proxy_payload_v1	v1	SYNTHETIC_PROXY	Strategy_A	pseudo_chain_A	27	67.264286	low_H0	A	0.991307136	0.150000000	0.138977388	regime_1				Strategy A/B synthetic proxy activation	/Users/fujikijunichi/Desktop/MAXOMEGA/_paper_journal/paper_20260305_102018_audit_sensitivity/_STRATEGY_AB_PROXY_EMULATOR_ACTIVATION_SYNTHETIC_PROXY_RULE_REVIEW_FREEZE_V1_20260614_092028	diagnostic_proxy_emulator_only
strategy_ab_activation_synthetic_proxy_payload_v1	v1	SYNTHETIC_PROXY	Strategy_A	pseudo_chain_A	28	67.550000	low_H0	A	0.962893466	0.150000000	0.163374240	regime_1				Strategy A/B synthetic proxy activation	/Users/fujikijunichi/Desktop/MAXOMEGA/_paper_journal/paper_20260305_102018_audit_sensitivity/_STRATEGY_AB_PROXY_EMULATOR_ACTIVATION_SYNTHETIC_PROXY_RULE_REVIEW_FREEZE_V1_20260614_092028	diagnostic_proxy_emulator_only
strategy_ab_activation_synthetic_proxy_payload_v1	v1	SYNTHETIC_PROXY	Strategy_A	pseudo_chain_A	29	67.835714	low_H0	A	0.916400030	0.150000000	0.191103294	regime_1				Strategy A/B synthetic proxy activation	/Users/fujikijunichi/Desktop/MAXOMEGA/_paper_journal/paper_20260305_102018_audit_sensitivity/_STRATEGY_AB_PROXY_EMULATOR_ACTIVATION_SYNTHETIC_PROXY_RULE_REVIEW_FREEZE_V1_20260614_092028	diagnostic_proxy_emulator_only
strategy_ab_activation_synthetic_proxy_payload_v1	v1	SYNTHETIC_PROXY	Strategy_A	pseudo_chain_A	30	68.121429	low_H0	A	0.854532917	0.150000000	0.222288257	regime_1				Strategy A/B synthetic proxy activation	/Users/fujikijunichi/Desktop/MAXOMEGA/_paper_journal/paper_20260305_102018_audit_sensitivity/_STRATEGY_AB_PROXY_EMULATOR_ACTIVATION_SYNTHETIC_PROXY_RULE_REVIEW_FREEZE_V1_20260614_092028	diagnostic_proxy_emulator_only
strategy_ab_activation_synthetic_proxy_payload_v1	v1	SYNTHETIC_PROXY	Strategy_A	pseudo_chain_A	31	68.407143	low_H0	A	0.780745242	0.150000000	0.256945621	regime_1				Strategy A/B synthetic proxy activation	/Users/fujikijunichi/Desktop/MAXOMEGA/_paper_journal/paper_20260305_102018_audit_sensitivity/_STRATEGY_AB_PROXY_EMULATOR_ACTIVATION_SYNTHETIC_PROXY_RULE_REVIEW_FREEZE_V1_20260614_092028	diagnostic_proxy_emulator_only
strategy_ab_activation_synthetic_proxy_payload_v1	v1	SYNTHETIC_PROXY	Strategy_A	pseudo_chain_A	32	68.692857	low_H0	A	0.698918832	0.150000000	0.294957133	regime_1				Strategy A/B synthetic proxy activation	/Users/fujikijunichi/Desktop/MAXOMEGA/_paper_journal/paper_20260305_102018_audit_sensitivity/_STRATEGY_AB_PROXY_EMULATOR_ACTIVATION_SYNTHETIC_PROXY_RULE_REVIEW_FREEZE_V1_20260614_092028	diagnostic_proxy_emulator_only
strategy_ab_activation_synthetic_proxy_payload_v1	v1	SYNTHETIC_PROXY	Strategy_A	pseudo_chain_A	33	68.978571	low_H0	A	0.613028953	0.150000000	0.336048774	regime_1				Strategy A/B synthetic proxy activation	/Users/fujikijunichi/Desktop/MAXOMEGA/_paper_journal/paper_20260305_102018_audit_sensitivity/_STRATEGY_AB_PROXY_EMULATOR_ACTIVATION_SYNTHETIC_PROXY_RULE_REVIEW_FREEZE_V1_20260614_092028	diagnostic_proxy_emulator_only
strategy_ab_activation_synthetic_proxy_payload_v1	v1	SYNTHETIC_PROXY	Strategy_A	pseudo_chain_A	34	69.264286	transition	A	0.526831917	0.150000000	0.379781396	transition				Strategy A/B synthetic proxy activation	/Users/fujikijunichi/Desktop/MAXOMEGA/_paper_journal/paper_20260305_102018_audit_sensitivity/_STRATEGY_AB_PROXY_EMULATOR_ACTIVATION_SYNTHETIC_PROXY_RULE_REVIEW_FREEZE_V1_20260614_092028	diagnostic_proxy_emulator_only
strategy_ab_activation_synthetic_proxy_payload_v1	v1	SYNTHETIC_PROXY	Strategy_A	pseudo_chain_A	35	69.550000	transition	A	0.443608661	0.150000000	0.425557483	transition				Strategy A/B synthetic proxy activation	/Users/fujikijunichi/Desktop/MAXOMEGA/_paper_journal/paper_20260305_102018_audit_sensitivity/_STRATEGY_AB_PROXY_EMULATOR_ACTIVATION_SYNTHETIC_PROXY_RULE_REVIEW_FREEZE_V1_20260614_092028	diagnostic_proxy_emulator_only
strategy_ab_activation_synthetic_proxy_payload_v1	v1	SYNTHETIC_PROXY	Strategy_A	pseudo_chain_A	36	69.835714	transition	A	0.365986278	0.150000000	0.472646385	transition				Strategy A/B synthetic proxy activation	/Users/fujikijunichi/Desktop/MAXOMEGA/_paper_journal/paper_20260305_102018_audit_sensitivity/_STRATEGY_AB_PROXY_EMULATOR_ACTIVATION_SYNTHETIC_PROXY_RULE_REVIEW_FREEZE_V1_20260614_092028	diagnostic_proxy_emulator_only
strategy_ab_activation_synthetic_proxy_payload_v1	v1	SYNTHETIC_PROXY	Strategy_A	pseudo_chain_A	37	70.121429	transition	A	0.295846500	0.150000000	0.520227050	transition				Strategy A/B synthetic proxy activation	/Users/fujikijunichi/Desktop/MAXOMEGA/_paper_journal/paper_20260305_102018_audit_sensitivity/_STRATEGY_AB_PROXY_EMULATOR_ACTIVATION_SYNTHETIC_PROXY_RULE_REVIEW_FREEZE_V1_20260614_092028	diagnostic_proxy_emulator_only
strategy_ab_activation_synthetic_proxy_payload_v1	v1	SYNTHETIC_PROXY	Strategy_A	pseudo_chain_A	38	70.407143	transition	A	0.234317603	0.150000000	0.567443583	transition				Strategy A/B synthetic proxy activation	/Users/fujikijunichi/Desktop/MAXOMEGA/_paper_journal/paper_20260305_102018_audit_sensitivity/_STRATEGY_AB_PROXY_EMULATOR_ACTIVATION_SYNTHETIC_PROXY_RULE_REVIEW_FREEZE_V1_20260614_092028	diagnostic_proxy_emulator_only
strategy_ab_activation_synthetic_proxy_payload_v1	v1	SYNTHETIC_PROXY	Strategy_A	pseudo_chain_A	39	70.692857	transition	A	0.181836157	0.150000000	0.613465941	transition				Strategy A/B synthetic proxy activation	/Users/fujikijunichi/Desktop/MAXOMEGA/_paper_journal/paper_20260305_102018_audit_sensitivity/_STRATEGY_AB_PROXY_EMULATOR_ACTIVATION_SYNTHETIC_PROXY_RULE_REVIEW_FREEZE_V1_20260614_092028	diagnostic_proxy_emulator_only
strategy_ab_activation_synthetic_proxy_payload_v1	v1	SYNTHETIC_PROXY	Strategy_A	pseudo_chain_A	40	70.978571	transition	A	0.138258684	0.150000000	0.657546804	regime_2				Strategy A/B synthetic proxy activation	/Users/fujikijunichi/Desktop/MAXOMEGA/_paper_journal/paper_20260305_102018_audit_sensitivity/_STRATEGY_AB_PROXY_EMULATOR_ACTIVATION_SYNTHETIC_PROXY_RULE_REVIEW_FREEZE_V1_20260614_092028	diagnostic_proxy_emulator_only
strategy_ab_activation_synthetic_proxy_payload_v1	v1	SYNTHETIC_PROXY	Strategy_A	pseudo_chain_A	41	71.264286	high_H0	A	0.103001000	0.150000000	0.699066622	regime_2				Strategy A/B synthetic proxy activation	/Users/fujikijunichi/Desktop/MAXOMEGA/_paper_journal/paper_20260305_102018_audit_sensitivity/_STRATEGY_AB_PROXY_EMULATOR_ACTIVATION_SYNTHETIC_PROXY_RULE_REVIEW_FREEZE_V1_20260614_092028	diagnostic_proxy_emulator_only
strategy_ab_activation_synthetic_proxy_payload_v1	v1	SYNTHETIC_PROXY	Strategy_A	pseudo_chain_A	42	71.550000	high_H0	A	0.075184326	0.150000000	0.737561621	regime_2				Strategy A/B synthetic proxy activation	/Users/fujikijunichi/Desktop/MAXOMEGA/_paper_journal/paper_20260305_102018_audit_sensitivity/_STRATEGY_AB_PROXY_EMULATOR_ACTIVATION_SYNTHETIC_PROXY_RULE_REVIEW_FREEZE_V1_20260614_092028	diagnostic_proxy_emulator_only
strategy_ab_activation_synthetic_proxy_payload_v1	v1	SYNTHETIC_PROXY	Strategy_A	pseudo_chain_A	43	71.835714	high_H0	A	0.053771237	0.150000000	0.772733260	regime_2				Strategy A/B synthetic proxy activation	/Users/fujikijunichi/Desktop/MAXOMEGA/_paper_journal/paper_20260305_102018_audit_sensitivity/_STRATEGY_AB_PROXY_EMULATOR_ACTIVATION_SYNTHETIC_PROXY_RULE_REVIEW_FREEZE_V1_20260614_092028	diagnostic_proxy_emulator_only
strategy_ab_activation_synthetic_proxy_payload_v1	v1	SYNTHETIC_PROXY	Strategy_A	pseudo_chain_A	44	72.121429	high_H0	A	0.037679887	0.150000000	0.804441033	regime_2				Strategy A/B synthetic proxy activation	/Users/fujikijunichi/Desktop/MAXOMEGA/_paper_journal/paper_20260305_102018_audit_sensitivity/_STRATEGY_AB_PROXY_EMULATOR_ACTIVATION_SYNTHETIC_PROXY_RULE_REVIEW_FREEZE_V1_20260614_092028	diagnostic_proxy_emulator_only
strategy_ab_activation_synthetic_proxy_payload_v1	v1	SYNTHETIC_PROXY	Strategy_A	pseudo_chain_A	45	72.407143	high_H0	A	0.025870570	0.150000000	0.832682875	regime_2				Strategy A/B synthetic proxy activation	/Users/fujikijunichi/Desktop/MAXOMEGA/_paper_journal/paper_20260305_102018_audit_sensitivity/_STRATEGY_AB_PROXY_EMULATOR_ACTIVATION_SYNTHETIC_PROXY_RULE_REVIEW_FREEZE_V1_20260614_092028	diagnostic_proxy_emulator_only
strategy_ab_activation_synthetic_proxy_payload_v1	v1	SYNTHETIC_PROXY	Strategy_A	pseudo_chain_A	46	72.692857	high_H0	A	0.017403607	0.150000000	0.857568282	regime_2				Strategy A/B synthetic proxy activation	/Users/fujikijunichi/Desktop/MAXOMEGA/_paper_journal/paper_20260305_102018_audit_sensitivity/_STRATEGY_AB_PROXY_EMULATOR_ACTIVATION_SYNTHETIC_PROXY_RULE_REVIEW_FREEZE_V1_20260614_092028	diagnostic_proxy_emulator_only
strategy_ab_activation_synthetic_proxy_payload_v1	v1	SYNTHETIC_PROXY	Strategy_A	pseudo_chain_A	47	72.978571	high_H0	A	0.011471214	0.150000000	0.879288991	regime_2				Strategy A/B synthetic proxy activation	/Users/fujikijunichi/Desktop/MAXOMEGA/_paper_journal/paper_20260305_102018_audit_sensitivity/_STRATEGY_AB_PROXY_EMULATOR_ACTIVATION_SYNTHETIC_PROXY_RULE_REVIEW_FREEZE_V1_20260614_092028	diagnostic_proxy_emulator_only
strategy_ab_activation_synthetic_proxy_payload_v1	v1	SYNTHETIC_PROXY	Strategy_A	pseudo_chain_A	48	73.264286	high_H0	A	0.007408262	0.150000000	0.898090939	regime_2				Strategy A/B synthetic proxy activation	/Users/fujikijunichi/Desktop/MAXOMEGA/_paper_journal/paper_20260305_102018_audit_sensitivity/_STRATEGY_AB_PROXY_EMULATOR_ACTIVATION_SYNTHETIC_PROXY_RULE_REVIEW_FREEZE_V1_20260614_092028	diagnostic_proxy_emulator_only
strategy_ab_activation_synthetic_proxy_payload_v1	v1	SYNTHETIC_PROXY	Strategy_A	pseudo_chain_A	49	73.550000	high_H0	A	0.004687703	0.150000000	0.914249898	regime_2				Strategy A/B synthetic proxy activation	/Users/fujikijunichi/Desktop/MAXOMEGA/_paper_journal/paper_20260305_102018_audit_sensitivity/_STRATEGY_AB_PROXY_EMULATOR_ACTIVATION_SYNTHETIC_PROXY_RULE_REVIEW_FREEZE_V1_20260614_092028	diagnostic_proxy_emulator_only
strategy_ab_activation_synthetic_proxy_payload_v1	v1	SYNTHETIC_PROXY	Strategy_A	pseudo_chain_A	50	73.835714	high_H0	A	0.002906302	0.150000000	0.928051915	regime_2				Strategy A/B synthetic proxy activation	/Users/fujikijunichi/Desktop/MAXOMEGA/_paper_journal/paper_20260305_102018_audit_sensitivity/_STRATEGY_AB_PROXY_EMULATOR_ACTIVATION_SYNTHETIC_PROXY_RULE_REVIEW_FREEZE_V1_20260614_092028	diagnostic_proxy_emulator_only
strategy_ab_activation_synthetic_proxy_payload_v1	v1	SYNTHETIC_PROXY	Strategy_A	pseudo_chain_A	51	74.121429	high_H0	A	0.001765462	0.150000000	0.939778742	regime_2				Strategy A/B synthetic proxy activation	/Users/fujikijunichi/Desktop/MAXOMEGA/_paper_journal/paper_20260305_102018_audit_sensitivity/_STRATEGY_AB_PROXY_EMULATOR_ACTIVATION_SYNTHETIC_PROXY_RULE_REVIEW_FREEZE_V1_20260614_092028	diagnostic_proxy_emulator_only
strategy_ab_activation_synthetic_proxy_payload_v1	v1	SYNTHETIC_PROXY	Strategy_A	pseudo_chain_A	52	74.407143	high_H0	A	0.001050782	0.150000000	0.949697811	regime_2				Strategy A/B synthetic proxy activation	/Users/fujikijunichi/Desktop/MAXOMEGA/_paper_journal/paper_20260305_102018_audit_sensitivity/_STRATEGY_AB_PROXY_EMULATOR_ACTIVATION_SYNTHETIC_PROXY_RULE_REVIEW_FREEZE_V1_20260614_092028	diagnostic_proxy_emulator_only
strategy_ab_activation_synthetic_proxy_payload_v1	v1	SYNTHETIC_PROXY	Strategy_A	pseudo_chain_A	53	74.692857	high_H0	A	0.000612779	0.150000000	0.958056024	regime_2				Strategy A/B synthetic proxy activation	/Users/fujikijunichi/Desktop/MAXOMEGA/_paper_journal/paper_20260305_102018_audit_sensitivity/_STRATEGY_AB_PROXY_EMULATOR_ACTIVATION_SYNTHETIC_PROXY_RULE_REVIEW_FREEZE_V1_20260614_092028	diagnostic_proxy_emulator_only
strategy_ab_activation_synthetic_proxy_payload_v1	v1	SYNTHETIC_PROXY	Strategy_A	pseudo_chain_A	54	74.978571	high_H0	A	0.000350132	0.150000000	0.965076507	regime_2				Strategy A/B synthetic proxy activation	/Users/fujikijunichi/Desktop/MAXOMEGA/_paper_journal/paper_20260305_102018_audit_sensitivity/_STRATEGY_AB_PROXY_EMULATOR_ACTIVATION_SYNTHETIC_PROXY_RULE_REVIEW_FREEZE_V1_20260614_092028	diagnostic_proxy_emulator_only
strategy_ab_activation_synthetic_proxy_payload_v1	v1	SYNTHETIC_PROXY	Strategy_A	pseudo_chain_A	55	75.264286	high_H0	A	0.000196018	0.150000000	0.970957539	regime_2				Strategy A/B synthetic proxy activation	/Users/fujikijunichi/Desktop/MAXOMEGA/_paper_journal/paper_20260305_102018_audit_sensitivity/_STRATEGY_AB_PROXY_EMULATOR_ACTIVATION_SYNTHETIC_PROXY_RULE_REVIEW_FREEZE_V1_20260614_092028	diagnostic_proxy_emulator_only
strategy_ab_activation_synthetic_proxy_payload_v1	v1	SYNTHETIC_PROXY	Strategy_A	pseudo_chain_A	56	75.550000	high_H0	A	0.000107522	0.150000000	0.975872979	regime_2				Strategy A/B synthetic proxy activation	/Users/fujikijunichi/Desktop/MAXOMEGA/_paper_journal/paper_20260305_102018_audit_sensitivity/_STRATEGY_AB_PROXY_EMULATOR_ACTIVATION_SYNTHETIC_PROXY_RULE_REVIEW_FREEZE_V1_20260614_092028	diagnostic_proxy_emulator_only
strategy_ab_activation_synthetic_proxy_payload_v1	v1	SYNTHETIC_PROXY	Strategy_A	pseudo_chain_A	57	75.835714	high_H0	A	0.000057788	0.150000000	0.979973638	regime_2				Strategy A/B synthetic proxy activation	/Users/fujikijunichi/Desktop/MAXOMEGA/_paper_journal/paper_20260305_102018_audit_sensitivity/_STRATEGY_AB_PROXY_EMULATOR_ACTIVATION_SYNTHETIC_PROXY_RULE_REVIEW_FREEZE_V1_20260614_092028	diagnostic_proxy_emulator_only
strategy_ab_activation_synthetic_proxy_payload_v1	v1	SYNTHETIC_PROXY	Strategy_A	pseudo_chain_A	58	76.121429	high_H0	A	0.000030431	0.150000000	0.983389208	regime_2				Strategy A/B synthetic proxy activation	/Users/fujikijunichi/Desktop/MAXOMEGA/_paper_journal/paper_20260305_102018_audit_sensitivity/_STRATEGY_AB_PROXY_EMULATOR_ACTIVATION_SYNTHETIC_PROXY_RULE_REVIEW_FREEZE_V1_20260614_092028	diagnostic_proxy_emulator_only
strategy_ab_activation_synthetic_proxy_payload_v1	v1	SYNTHETIC_PROXY	Strategy_A	pseudo_chain_A	59	76.407143	high_H0	A	0.000015701	0.150000000	0.986230425	regime_2				Strategy A/B synthetic proxy activation	/Users/fujikijunichi/Desktop/MAXOMEGA/_paper_journal/paper_20260305_102018_audit_sensitivity/_STRATEGY_AB_PROXY_EMULATOR_ACTIVATION_SYNTHETIC_PROXY_RULE_REVIEW_FREEZE_V1_20260614_092028	diagnostic_proxy_emulator_only
strategy_ab_activation_synthetic_proxy_payload_v1	v1	SYNTHETIC_PROXY	Strategy_A	pseudo_chain_A	60	76.692857	high_H0	A	0.000007937	0.150000000	0.988591300	regime_2				Strategy A/B synthetic proxy activation	/Users/fujikijunichi/Desktop/MAXOMEGA/_paper_journal/paper_20260305_102018_audit_sensitivity/_STRATEGY_AB_PROXY_EMULATOR_ACTIVATION_SYNTHETIC_PROXY_RULE_REVIEW_FREEZE_V1_20260614_092028	diagnostic_proxy_emulator_only
strategy_ab_activation_synthetic_proxy_payload_v1	v1	SYNTHETIC_PROXY	Strategy_A	pseudo_chain_A	61	76.978571	high_H0	A	0.000003932	0.150000000	0.990551267	regime_2				Strategy A/B synthetic proxy activation	/Users/fujikijunichi/Desktop/MAXOMEGA/_paper_journal/paper_20260305_102018_audit_sensitivity/_STRATEGY_AB_PROXY_EMULATOR_ACTIVATION_SYNTHETIC_PROXY_RULE_REVIEW_FREEZE_V1_20260614_092028	diagnostic_proxy_emulator_only
strategy_ab_activation_synthetic_proxy_payload_v1	v1	SYNTHETIC_PROXY	Strategy_A	pseudo_chain_A	62	77.264286	high_H0	A	0.000001908	0.150000000	0.992177184	regime_2				Strategy A/B synthetic proxy activation	/Users/fujikijunichi/Desktop/MAXOMEGA/_paper_journal/paper_20260305_102018_audit_sensitivity/_STRATEGY_AB_PROXY_EMULATOR_ACTIVATION_SYNTHETIC_PROXY_RULE_REVIEW_FREEZE_V1_20260614_092028	diagnostic_proxy_emulator_only
strategy_ab_activation_synthetic_proxy_payload_v1	v1	SYNTHETIC_PROXY	Strategy_A	pseudo_chain_A	63	77.550000	high_H0	A	0.000000907	0.150000000	0.993525146	regime_2				Strategy A/B synthetic proxy activation	/Users/fujikijunichi/Desktop/MAXOMEGA/_paper_journal/paper_20260305_102018_audit_sensitivity/_STRATEGY_AB_PROXY_EMULATOR_ACTIVATION_SYNTHETIC_PROXY_RULE_REVIEW_FREEZE_V1_20260614_092028	diagnostic_proxy_emulator_only
strategy_ab_activation_synthetic_proxy_payload_v1	v1	SYNTHETIC_PROXY	Strategy_B	pseudo_chain_B	0	60.450000	low_H0	B	0.000000003	0.150000000	0.001714930	regime_1				Strategy A/B synthetic proxy activation	/Users/fujikijunichi/Desktop/MAXOMEGA/_paper_journal/paper_20260305_102018_audit_sensitivity/_STRATEGY_AB_PROXY_EMULATOR_ACTIVATION_SYNTHETIC_PROXY_RULE_REVIEW_FREEZE_V1_20260614_092028	diagnostic_proxy_emulator_only
strategy_ab_activation_synthetic_proxy_payload_v1	v1	SYNTHETIC_PROXY	Strategy_B	pseudo_chain_B	1	60.735714	low_H0	B	0.000000007	0.150000000	0.002074020	regime_1				Strategy A/B synthetic proxy activation	/Users/fujikijunichi/Desktop/MAXOMEGA/_paper_journal/paper_20260305_102018_audit_sensitivity/_STRATEGY_AB_PROXY_EMULATOR_ACTIVATION_SYNTHETIC_PROXY_RULE_REVIEW_FREEZE_V1_20260614_092028	diagnostic_proxy_emulator_only
strategy_ab_activation_synthetic_proxy_payload_v1	v1	SYNTHETIC_PROXY	Strategy_B	pseudo_chain_B	2	61.021429	low_H0	B	0.000000016	0.150000000	0.002508111	regime_1				Strategy A/B synthetic proxy activation	/Users/fujikijunichi/Desktop/MAXOMEGA/_paper_journal/paper_20260305_102018_audit_sensitivity/_STRATEGY_AB_PROXY_EMULATOR_ACTIVATION_SYNTHETIC_PROXY_RULE_REVIEW_FREEZE_V1_20260614_092028	diagnostic_proxy_emulator_only
strategy_ab_activation_synthetic_proxy_payload_v1	v1	SYNTHETIC_PROXY	Strategy_B	pseudo_chain_B	3	61.307143	low_H0	B	0.000000038	0.150000000	0.003032780	regime_1				Strategy A/B synthetic proxy activation	/Users/fujikijunichi/Desktop/MAXOMEGA/_paper_journal/paper_20260305_102018_audit_sensitivity/_STRATEGY_AB_PROXY_EMULATOR_ACTIVATION_SYNTHETIC_PROXY_RULE_REVIEW_FREEZE_V1_20260614_092028	diagnostic_proxy_emulator_only
strategy_ab_activation_synthetic_proxy_payload_v1	v1	SYNTHETIC_PROXY	Strategy_B	pseudo_chain_B	4	61.592857	low_H0	B	0.000000086	0.150000000	0.003666802	regime_1				Strategy A/B synthetic proxy activation	/Users/fujikijunichi/Desktop/MAXOMEGA/_paper_journal/paper_20260305_102018_audit_sensitivity/_STRATEGY_AB_PROXY_EMULATOR_ACTIVATION_SYNTHETIC_PROXY_RULE_REVIEW_FREEZE_V1_20260614_092028	diagnostic_proxy_emulator_only
strategy_ab_activation_synthetic_proxy_payload_v1	v1	SYNTHETIC_PROXY	Strategy_B	pseudo_chain_B	5	61.878571	low_H0	B	0.000000193	0.150000000	0.004432780	regime_1				Strategy A/B synthetic proxy activation	/Users/fujikijunichi/Desktop/MAXOMEGA/_paper_journal/paper_20260305_102018_audit_sensitivity/_STRATEGY_AB_PROXY_EMULATOR_ACTIVATION_SYNTHETIC_PROXY_RULE_REVIEW_FREEZE_V1_20260614_092028	diagnostic_proxy_emulator_only
strategy_ab_activation_synthetic_proxy_payload_v1	v1	SYNTHETIC_PROXY	Strategy_B	pseudo_chain_B	6	62.164286	low_H0	B	0.000000423	0.150000000	0.005357907	regime_1				Strategy A/B synthetic proxy activation	/Users/fujikijunichi/Desktop/MAXOMEGA/_paper_journal/paper_20260305_102018_audit_sensitivity/_STRATEGY_AB_PROXY_EMULATOR_ACTIVATION_SYNTHETIC_PROXY_RULE_REVIEW_FREEZE_V1_20260614_092028	diagnostic_proxy_emulator_only
strategy_ab_activation_synthetic_proxy_payload_v1	v1	SYNTHETIC_PROXY	Strategy_B	pseudo_chain_B	7	62.450000	low_H0	B	0.000000907	0.150000000	0.006474854	regime_1				Strategy A/B synthetic proxy activation	/Users/fujikijunichi/Desktop/MAXOMEGA/_paper_journal/paper_20260305_102018_audit_sensitivity/_STRATEGY_AB_PROXY_EMULATOR_ACTIVATION_SYNTHETIC_PROXY_RULE_REVIEW_FREEZE_V1_20260614_092028	diagnostic_proxy_emulator_only
strategy_ab_activation_synthetic_proxy_payload_v1	v1	SYNTHETIC_PROXY	Strategy_B	pseudo_chain_B	8	62.735714	low_H0	B	0.000001908	0.150000000	0.007822816	regime_1				Strategy A/B synthetic proxy activation	/Users/fujikijunichi/Desktop/MAXOMEGA/_paper_journal/paper_20260305_102018_audit_sensitivity/_STRATEGY_AB_PROXY_EMULATOR_ACTIVATION_SYNTHETIC_PROXY_RULE_REVIEW_FREEZE_V1_20260614_092028	diagnostic_proxy_emulator_only
strategy_ab_activation_synthetic_proxy_payload_v1	v1	SYNTHETIC_PROXY	Strategy_B	pseudo_chain_B	9	63.021429	low_H0	B	0.000003932	0.150000000	0.009448733	regime_1				Strategy A/B synthetic proxy activation	/Users/fujikijunichi/Desktop/MAXOMEGA/_paper_journal/paper_20260305_102018_audit_sensitivity/_STRATEGY_AB_PROXY_EMULATOR_ACTIVATION_SYNTHETIC_PROXY_RULE_REVIEW_FREEZE_V1_20260614_092028	diagnostic_proxy_emulator_only
strategy_ab_activation_synthetic_proxy_payload_v1	v1	SYNTHETIC_PROXY	Strategy_B	pseudo_chain_B	10	63.307143	low_H0	B	0.000007937	0.150000000	0.011408700	regime_1				Strategy A/B synthetic proxy activation	/Users/fujikijunichi/Desktop/MAXOMEGA/_paper_journal/paper_20260305_102018_audit_sensitivity/_STRATEGY_AB_PROXY_EMULATOR_ACTIVATION_SYNTHETIC_PROXY_RULE_REVIEW_FREEZE_V1_20260614_092028	diagnostic_proxy_emulator_only
strategy_ab_activation_synthetic_proxy_payload_v1	v1	SYNTHETIC_PROXY	Strategy_B	pseudo_chain_B	11	63.592857	low_H0	B	0.000015701	0.150000000	0.013769575	regime_1				Strategy A/B synthetic proxy activation	/Users/fujikijunichi/Desktop/MAXOMEGA/_paper_journal/paper_20260305_102018_audit_sensitivity/_STRATEGY_AB_PROXY_EMULATOR_ACTIVATION_SYNTHETIC_PROXY_RULE_REVIEW_FREEZE_V1_20260614_092028	diagnostic_proxy_emulator_only
strategy_ab_activation_synthetic_proxy_payload_v1	v1	SYNTHETIC_PROXY	Strategy_B	pseudo_chain_B	12	63.878571	low_H0	B	0.000030431	0.150000000	0.016610792	regime_1				Strategy A/B synthetic proxy activation	/Users/fujikijunichi/Desktop/MAXOMEGA/_paper_journal/paper_20260305_102018_audit_sensitivity/_STRATEGY_AB_PROXY_EMULATOR_ACTIVATION_SYNTHETIC_PROXY_RULE_REVIEW_FREEZE_V1_20260614_092028	diagnostic_proxy_emulator_only
strategy_ab_activation_synthetic_proxy_payload_v1	v1	SYNTHETIC_PROXY	Strategy_B	pseudo_chain_B	13	64.164286	low_H0	B	0.000057788	0.150000000	0.020026362	regime_1				Strategy A/B synthetic proxy activation	/Users/fujikijunichi/Desktop/MAXOMEGA/_paper_journal/paper_20260305_102018_audit_sensitivity/_STRATEGY_AB_PROXY_EMULATOR_ACTIVATION_SYNTHETIC_PROXY_RULE_REVIEW_FREEZE_V1_20260614_092028	diagnostic_proxy_emulator_only
strategy_ab_activation_synthetic_proxy_payload_v1	v1	SYNTHETIC_PROXY	Strategy_B	pseudo_chain_B	14	64.450000	low_H0	B	0.000107522	0.150000000	0.024127021	regime_1				Strategy A/B synthetic proxy activation	/Users/fujikijunichi/Desktop/MAXOMEGA/_paper_journal/paper_20260305_102018_audit_sensitivity/_STRATEGY_AB_PROXY_EMULATOR_ACTIVATION_SYNTHETIC_PROXY_RULE_REVIEW_FREEZE_V1_20260614_092028	diagnostic_proxy_emulator_only
strategy_ab_activation_synthetic_proxy_payload_v1	v1	SYNTHETIC_PROXY	Strategy_B	pseudo_chain_B	15	64.735714	low_H0	B	0.000196018	0.150000000	0.029042461	regime_1				Strategy A/B synthetic proxy activation	/Users/fujikijunichi/Desktop/MAXOMEGA/_paper_journal/paper_20260305_102018_audit_sensitivity/_STRATEGY_AB_PROXY_EMULATOR_ACTIVATION_SYNTHETIC_PROXY_RULE_REVIEW_FREEZE_V1_20260614_092028	diagnostic_proxy_emulator_only
strategy_ab_activation_synthetic_proxy_payload_v1	v1	SYNTHETIC_PROXY	Strategy_B	pseudo_chain_B	16	65.021429	low_H0	B	0.000350132	0.150000000	0.034923493	regime_1				Strategy A/B synthetic proxy activation	/Users/fujikijunichi/Desktop/MAXOMEGA/_paper_journal/paper_20260305_102018_audit_sensitivity/_STRATEGY_AB_PROXY_EMULATOR_ACTIVATION_SYNTHETIC_PROXY_RULE_REVIEW_FREEZE_V1_20260614_092028	diagnostic_proxy_emulator_only
strategy_ab_activation_synthetic_proxy_payload_v1	v1	SYNTHETIC_PROXY	Strategy_B	pseudo_chain_B	17	65.307143	low_H0	B	0.000612779	0.150000000	0.041943976	regime_1				Strategy A/B synthetic proxy activation	/Users/fujikijunichi/Desktop/MAXOMEGA/_paper_journal/paper_20260305_102018_audit_sensitivity/_STRATEGY_AB_PROXY_EMULATOR_ACTIVATION_SYNTHETIC_PROXY_RULE_REVIEW_FREEZE_V1_20260614_092028	diagnostic_proxy_emulator_only
strategy_ab_activation_synthetic_proxy_payload_v1	v1	SYNTHETIC_PROXY	Strategy_B	pseudo_chain_B	18	65.592857	low_H0	B	0.001050782	0.150000000	0.050302189	regime_1				Strategy A/B synthetic proxy activation	/Users/fujikijunichi/Desktop/MAXOMEGA/_paper_journal/paper_20260305_102018_audit_sensitivity/_STRATEGY_AB_PROXY_EMULATOR_ACTIVATION_SYNTHETIC_PROXY_RULE_REVIEW_FREEZE_V1_20260614_092028	diagnostic_proxy_emulator_only
strategy_ab_activation_synthetic_proxy_payload_v1	v1	SYNTHETIC_PROXY	Strategy_B	pseudo_chain_B	19	65.878571	low_H0	B	0.001765462	0.150000000	0.060221258	regime_1				Strategy A/B synthetic proxy activation	/Users/fujikijunichi/Desktop/MAXOMEGA/_paper_journal/paper_20260305_102018_audit_sensitivity/_STRATEGY_AB_PROXY_EMULATOR_ACTIVATION_SYNTHETIC_PROXY_RULE_REVIEW_FREEZE_V1_20260614_092028	diagnostic_proxy_emulator_only
strategy_ab_activation_synthetic_proxy_payload_v1	v1	SYNTHETIC_PROXY	Strategy_B	pseudo_chain_B	20	66.164286	low_H0	B	0.002906302	0.150000000	0.071948085	regime_1				Strategy A/B synthetic proxy activation	/Users/fujikijunichi/Desktop/MAXOMEGA/_paper_journal/paper_20260305_102018_audit_sensitivity/_STRATEGY_AB_PROXY_EMULATOR_ACTIVATION_SYNTHETIC_PROXY_RULE_REVIEW_FREEZE_V1_20260614_092028	diagnostic_proxy_emulator_only
strategy_ab_activation_synthetic_proxy_payload_v1	v1	SYNTHETIC_PROXY	Strategy_B	pseudo_chain_B	21	66.450000	low_H0	B	0.004687703	0.150000000	0.085750102	regime_1				Strategy A/B synthetic proxy activation	/Users/fujikijunichi/Desktop/MAXOMEGA/_paper_journal/paper_20260305_102018_audit_sensitivity/_STRATEGY_AB_PROXY_EMULATOR_ACTIVATION_SYNTHETIC_PROXY_RULE_REVIEW_FREEZE_V1_20260614_092028	diagnostic_proxy_emulator_only
strategy_ab_activation_synthetic_proxy_payload_v1	v1	SYNTHETIC_PROXY	Strategy_B	pseudo_chain_B	22	66.735714	low_H0	B	0.007408262	0.150000000	0.101909061	regime_1				Strategy A/B synthetic proxy activation	/Users/fujikijunichi/Desktop/MAXOMEGA/_paper_journal/paper_20260305_102018_audit_sensitivity/_STRATEGY_AB_PROXY_EMULATOR_ACTIVATION_SYNTHETIC_PROXY_RULE_REVIEW_FREEZE_V1_20260614_092028	diagnostic_proxy_emulator_only
strategy_ab_activation_synthetic_proxy_payload_v1	v1	SYNTHETIC_PROXY	Strategy_B	pseudo_chain_B	23	67.021429	low_H0	B	0.011471214	0.150000000	0.120711009	regime_1				Strategy A/B synthetic proxy activation	/Users/fujikijunichi/Desktop/MAXOMEGA/_paper_journal/paper_20260305_102018_audit_sensitivity/_STRATEGY_AB_PROXY_EMULATOR_ACTIVATION_SYNTHETIC_PROXY_RULE_REVIEW_FREEZE_V1_20260614_092028	diagnostic_proxy_emulator_only
strategy_ab_activation_synthetic_proxy_payload_v1	v1	SYNTHETIC_PROXY	Strategy_B	pseudo_chain_B	24	67.307143	low_H0	B	0.017403607	0.150000000	0.142431718	regime_1				Strategy A/B synthetic proxy activation	/Users/fujikijunichi/Desktop/MAXOMEGA/_paper_journal/paper_20260305_102018_audit_sensitivity/_STRATEGY_AB_PROXY_EMULATOR_ACTIVATION_SYNTHETIC_PROXY_RULE_REVIEW_FREEZE_V1_20260614_092028	diagnostic_proxy_emulator_only
strategy_ab_activation_synthetic_proxy_payload_v1	v1	SYNTHETIC_PROXY	Strategy_B	pseudo_chain_B	25	67.592857	low_H0	B	0.025870570	0.150000000	0.167317125	regime_1				Strategy A/B synthetic proxy activation	/Users/fujikijunichi/Desktop/MAXOMEGA/_paper_journal/paper_20260305_102018_audit_sensitivity/_STRATEGY_AB_PROXY_EMULATOR_ACTIVATION_SYNTHETIC_PROXY_RULE_REVIEW_FREEZE_V1_20260614_092028	diagnostic_proxy_emulator_only
strategy_ab_activation_synthetic_proxy_payload_v1	v1	SYNTHETIC_PROXY	Strategy_B	pseudo_chain_B	26	67.878571	low_H0	B	0.037679887	0.150000000	0.195558967	regime_1				Strategy A/B synthetic proxy activation	/Users/fujikijunichi/Desktop/MAXOMEGA/_paper_journal/paper_20260305_102018_audit_sensitivity/_STRATEGY_AB_PROXY_EMULATOR_ACTIVATION_SYNTHETIC_PROXY_RULE_REVIEW_FREEZE_V1_20260614_092028	diagnostic_proxy_emulator_only
strategy_ab_activation_synthetic_proxy_payload_v1	v1	SYNTHETIC_PROXY	Strategy_B	pseudo_chain_B	27	68.164286	low_H0	B	0.053771237	0.150000000	0.227266740	regime_1				Strategy A/B synthetic proxy activation	/Users/fujikijunichi/Desktop/MAXOMEGA/_paper_journal/paper_20260305_102018_audit_sensitivity/_STRATEGY_AB_PROXY_EMULATOR_ACTIVATION_SYNTHETIC_PROXY_RULE_REVIEW_FREEZE_V1_20260614_092028	diagnostic_proxy_emulator_only
strategy_ab_activation_synthetic_proxy_payload_v1	v1	SYNTHETIC_PROXY	Strategy_B	pseudo_chain_B	28	68.450000	low_H0	B	0.075184326	0.150000000	0.262438379	regime_1				Strategy A/B synthetic proxy activation	/Users/fujikijunichi/Desktop/MAXOMEGA/_paper_journal/paper_20260305_102018_audit_sensitivity/_STRATEGY_AB_PROXY_EMULATOR_ACTIVATION_SYNTHETIC_PROXY_RULE_REVIEW_FREEZE_V1_20260614_092028	diagnostic_proxy_emulator_only
strategy_ab_activation_synthetic_proxy_payload_v1	v1	SYNTHETIC_PROXY	Strategy_B	pseudo_chain_B	29	68.735714	low_H0	B	0.103001000	0.150000000	0.300933378	regime_1				Strategy A/B synthetic proxy activation	/Users/fujikijunichi/Desktop/MAXOMEGA/_paper_journal/paper_20260305_102018_audit_sensitivity/_STRATEGY_AB_PROXY_EMULATOR_ACTIVATION_SYNTHETIC_PROXY_RULE_REVIEW_FREEZE_V1_20260614_092028	diagnostic_proxy_emulator_only
strategy_ab_activation_synthetic_proxy_payload_v1	v1	SYNTHETIC_PROXY	Strategy_B	pseudo_chain_B	30	69.021429	transition	B	0.138258684	0.150000000	0.342453196	regime_1				Strategy A/B synthetic proxy activation	/Users/fujikijunichi/Desktop/MAXOMEGA/_paper_journal/paper_20260305_102018_audit_sensitivity/_STRATEGY_AB_PROXY_EMULATOR_ACTIVATION_SYNTHETIC_PROXY_RULE_REVIEW_FREEZE_V1_20260614_092028	diagnostic_proxy_emulator_only
strategy_ab_activation_synthetic_proxy_payload_v1	v1	SYNTHETIC_PROXY	Strategy_B	pseudo_chain_B	31	69.307143	transition	B	0.181836157	0.150000000	0.386534059	transition				Strategy A/B synthetic proxy activation	/Users/fujikijunichi/Desktop/MAXOMEGA/_paper_journal/paper_20260305_102018_audit_sensitivity/_STRATEGY_AB_PROXY_EMULATOR_ACTIVATION_SYNTHETIC_PROXY_RULE_REVIEW_FREEZE_V1_20260614_092028	diagnostic_proxy_emulator_only
strategy_ab_activation_synthetic_proxy_payload_v1	v1	SYNTHETIC_PROXY	Strategy_B	pseudo_chain_B	32	69.592857	transition	B	0.234317603	0.150000000	0.432556417	transition				Strategy A/B synthetic proxy activation	/Users/fujikijunichi/Desktop/MAXOMEGA/_paper_journal/paper_20260305_102018_audit_sensitivity/_STRATEGY_AB_PROXY_EMULATOR_ACTIVATION_SYNTHETIC_PROXY_RULE_REVIEW_FREEZE_V1_20260614_092028	diagnostic_proxy_emulator_only
strategy_ab_activation_synthetic_proxy_payload_v1	v1	SYNTHETIC_PROXY	Strategy_B	pseudo_chain_B	33	69.878571	transition	B	0.295846500	0.150000000	0.479772950	transition				Strategy A/B synthetic proxy activation	/Users/fujikijunichi/Desktop/MAXOMEGA/_paper_journal/paper_20260305_102018_audit_sensitivity/_STRATEGY_AB_PROXY_EMULATOR_ACTIVATION_SYNTHETIC_PROXY_RULE_REVIEW_FREEZE_V1_20260614_092028	diagnostic_proxy_emulator_only
strategy_ab_activation_synthetic_proxy_payload_v1	v1	SYNTHETIC_PROXY	Strategy_B	pseudo_chain_B	34	70.164286	transition	B	0.365986278	0.150000000	0.527353615	transition				Strategy A/B synthetic proxy activation	/Users/fujikijunichi/Desktop/MAXOMEGA/_paper_journal/paper_20260305_102018_audit_sensitivity/_STRATEGY_AB_PROXY_EMULATOR_ACTIVATION_SYNTHETIC_PROXY_RULE_REVIEW_FREEZE_V1_20260614_092028	diagnostic_proxy_emulator_only
strategy_ab_activation_synthetic_proxy_payload_v1	v1	SYNTHETIC_PROXY	Strategy_B	pseudo_chain_B	35	70.450000	transition	B	0.443608661	0.150000000	0.574442517	transition				Strategy A/B synthetic proxy activation	/Users/fujikijunichi/Desktop/MAXOMEGA/_paper_journal/paper_20260305_102018_audit_sensitivity/_STRATEGY_AB_PROXY_EMULATOR_ACTIVATION_SYNTHETIC_PROXY_RULE_REVIEW_FREEZE_V1_20260614_092028	diagnostic_proxy_emulator_only
strategy_ab_activation_synthetic_proxy_payload_v1	v1	SYNTHETIC_PROXY	Strategy_B	pseudo_chain_B	36	70.735714	transition	B	0.526831917	0.150000000	0.620218604	transition				Strategy A/B synthetic proxy activation	/Users/fujikijunichi/Desktop/MAXOMEGA/_paper_journal/paper_20260305_102018_audit_sensitivity/_STRATEGY_AB_PROXY_EMULATOR_ACTIVATION_SYNTHETIC_PROXY_RULE_REVIEW_FREEZE_V1_20260614_092028	diagnostic_proxy_emulator_only
strategy_ab_activation_synthetic_proxy_payload_v1	v1	SYNTHETIC_PROXY	Strategy_B	pseudo_chain_B	37	71.021429	high_H0	B	0.613028953	0.150000000	0.663951226	regime_2				Strategy A/B synthetic proxy activation	/Users/fujikijunichi/Desktop/MAXOMEGA/_paper_journal/paper_20260305_102018_audit_sensitivity/_STRATEGY_AB_PROXY_EMULATOR_ACTIVATION_SYNTHETIC_PROXY_RULE_REVIEW_FREEZE_V1_20260614_092028	diagnostic_proxy_emulator_only
strategy_ab_activation_synthetic_proxy_payload_v1	v1	SYNTHETIC_PROXY	Strategy_B	pseudo_chain_B	38	71.307143	high_H0	B	0.698918832	0.150000000	0.705042867	regime_2				Strategy A/B synthetic proxy activation	/Users/fujikijunichi/Desktop/MAXOMEGA/_paper_journal/paper_20260305_102018_audit_sensitivity/_STRATEGY_AB_PROXY_EMULATOR_ACTIVATION_SYNTHETIC_PROXY_RULE_REVIEW_FREEZE_V1_20260614_092028	diagnostic_proxy_emulator_only
strategy_ab_activation_synthetic_proxy_payload_v1	v1	SYNTHETIC_PROXY	Strategy_B	pseudo_chain_B	39	71.592857	high_H0	B	0.780745242	0.150000000	0.743054379	regime_2				Strategy A/B synthetic proxy activation	/Users/fujikijunichi/Desktop/MAXOMEGA/_paper_journal/paper_20260305_102018_audit_sensitivity/_STRATEGY_AB_PROXY_EMULATOR_ACTIVATION_SYNTHETIC_PROXY_RULE_REVIEW_FREEZE_V1_20260614_092028	diagnostic_proxy_emulator_only
strategy_ab_activation_synthetic_proxy_payload_v1	v1	SYNTHETIC_PROXY	Strategy_B	pseudo_chain_B	40	71.878571	high_H0	B	0.854532917	0.150000000	0.777711743	regime_2				Strategy A/B synthetic proxy activation	/Users/fujikijunichi/Desktop/MAXOMEGA/_paper_journal/paper_20260305_102018_audit_sensitivity/_STRATEGY_AB_PROXY_EMULATOR_ACTIVATION_SYNTHETIC_PROXY_RULE_REVIEW_FREEZE_V1_20260614_092028	diagnostic_proxy_emulator_only
strategy_ab_activation_synthetic_proxy_payload_v1	v1	SYNTHETIC_PROXY	Strategy_B	pseudo_chain_B	41	72.164286	high_H0	B	0.916400030	0.150000000	0.808896706	regime_2				Strategy A/B synthetic proxy activation	/Users/fujikijunichi/Desktop/MAXOMEGA/_paper_journal/paper_20260305_102018_audit_sensitivity/_STRATEGY_AB_PROXY_EMULATOR_ACTIVATION_SYNTHETIC_PROXY_RULE_REVIEW_FREEZE_V1_20260614_092028	diagnostic_proxy_emulator_only
strategy_ab_activation_synthetic_proxy_payload_v1	v1	SYNTHETIC_PROXY	Strategy_B	pseudo_chain_B	42	72.450000	high_H0	B	0.962893466	0.150000000	0.836625760	regime_2				Strategy A/B synthetic proxy activation	/Users/fujikijunichi/Desktop/MAXOMEGA/_paper_journal/paper_20260305_102018_audit_sensitivity/_STRATEGY_AB_PROXY_EMULATOR_ACTIVATION_SYNTHETIC_PROXY_RULE_REVIEW_FREEZE_V1_20260614_092028	diagnostic_proxy_emulator_only
strategy_ab_activation_synthetic_proxy_payload_v1	v1	SYNTHETIC_PROXY	Strategy_B	pseudo_chain_B	43	72.735714	high_H0	B	0.991307136	0.150000000	0.861022612	regime_2				Strategy A/B synthetic proxy activation	/Users/fujikijunichi/Desktop/MAXOMEGA/_paper_journal/paper_20260305_102018_audit_sensitivity/_STRATEGY_AB_PROXY_EMULATOR_ACTIVATION_SYNTHETIC_PROXY_RULE_REVIEW_FREEZE_V1_20260614_092028	diagnostic_proxy_emulator_only
strategy_ab_activation_synthetic_proxy_payload_v1	v1	SYNTHETIC_PROXY	Strategy_B	pseudo_chain_B	44	73.021429	high_H0	B	0.999942604	0.150000000	0.882288846	regime_2				Strategy A/B synthetic proxy activation	/Users/fujikijunichi/Desktop/MAXOMEGA/_paper_journal/paper_20260305_102018_audit_sensitivity/_STRATEGY_AB_PROXY_EMULATOR_ACTIVATION_SYNTHETIC_PROXY_RULE_REVIEW_FREEZE_V1_20260614_092028	diagnostic_proxy_emulator_only
strategy_ab_activation_synthetic_proxy_payload_v1	v1	SYNTHETIC_PROXY	Strategy_B	pseudo_chain_B	45	73.307143	high_H0	B	0.988277162	0.150000000	0.900676317	regime_2				Strategy A/B synthetic proxy activation	/Users/fujikijunichi/Desktop/MAXOMEGA/_paper_journal/paper_20260305_102018_audit_sensitivity/_STRATEGY_AB_PROXY_EMULATOR_ACTIVATION_SYNTHETIC_PROXY_RULE_REVIEW_FREEZE_V1_20260614_092028	diagnostic_proxy_emulator_only
strategy_ab_activation_synthetic_proxy_payload_v1	v1	SYNTHETIC_PROXY	Strategy_B	pseudo_chain_B	46	73.592857	high_H0	B	0.957016210	0.150000000	0.916463463	regime_2				Strategy A/B synthetic proxy activation	/Users/fujikijunichi/Desktop/MAXOMEGA/_paper_journal/paper_20260305_102018_audit_sensitivity/_STRATEGY_AB_PROXY_EMULATOR_ACTIVATION_SYNTHETIC_PROXY_RULE_REVIEW_FREEZE_V1_20260614_092028	diagnostic_proxy_emulator_only
strategy_ab_activation_synthetic_proxy_payload_v1	v1	SYNTHETIC_PROXY	Strategy_B	pseudo_chain_B	47	73.878571	high_H0	B	0.908022638	0.150000000	0.929936497	regime_2				Strategy A/B synthetic proxy activation	/Users/fujikijunichi/Desktop/MAXOMEGA/_paper_journal/paper_20260305_102018_audit_sensitivity/_STRATEGY_AB_PROXY_EMULATOR_ACTIVATION_SYNTHETIC_PROXY_RULE_REVIEW_FREEZE_V1_20260614_092028	diagnostic_proxy_emulator_only
strategy_ab_activation_synthetic_proxy_payload_v1	v1	SYNTHETIC_PROXY	Strategy_B	pseudo_chain_B	48	74.164286	high_H0	B	0.844133051	0.150000000	0.941375559	regime_2				Strategy A/B synthetic proxy activation	/Users/fujikijunichi/Desktop/MAXOMEGA/_paper_journal/paper_20260305_102018_audit_sensitivity/_STRATEGY_AB_PROXY_EMULATOR_ACTIVATION_SYNTHETIC_PROXY_RULE_REVIEW_FREEZE_V1_20260614_092028	diagnostic_proxy_emulator_only
strategy_ab_activation_synthetic_proxy_payload_v1	v1	SYNTHETIC_PROXY	Strategy_B	pseudo_chain_B	49	74.450000	high_H0	B	0.768886050	0.150000000	0.951045316	regime_2				Strategy A/B synthetic proxy activation	/Users/fujikijunichi/Desktop/MAXOMEGA/_paper_journal/paper_20260305_102018_audit_sensitivity/_STRATEGY_AB_PROXY_EMULATOR_ACTIVATION_SYNTHETIC_PROXY_RULE_REVIEW_FREEZE_V1_20260614_092028	diagnostic_proxy_emulator_only
strategy_ab_activation_synthetic_proxy_payload_v1	v1	SYNTHETIC_PROXY	Strategy_B	pseudo_chain_B	50	74.735714	high_H0	B	0.686198723	0.150000000	0.959189250	regime_2				Strategy A/B synthetic proxy activation	/Users/fujikijunichi/Desktop/MAXOMEGA/_paper_journal/paper_20260305_102018_audit_sensitivity/_STRATEGY_AB_PROXY_EMULATOR_ACTIVATION_SYNTHETIC_PROXY_RULE_REVIEW_FREEZE_V1_20260614_092028	diagnostic_proxy_emulator_only
strategy_ab_activation_synthetic_proxy_payload_v1	v1	SYNTHETIC_PROXY	Strategy_B	pseudo_chain_B	51	75.021429	high_H0	B	0.600032365	0.150000000	0.966026782	regime_2				Strategy A/B synthetic proxy activation	/Users/fujikijunichi/Desktop/MAXOMEGA/_paper_journal/paper_20260305_102018_audit_sensitivity/_STRATEGY_AB_PROXY_EMULATOR_ACTIVATION_SYNTHETIC_PROXY_RULE_REVIEW_FREEZE_V1_20260614_092028	diagnostic_proxy_emulator_only
strategy_ab_activation_synthetic_proxy_payload_v1	v1	SYNTHETIC_PROXY	Strategy_B	pseudo_chain_B	52	75.307143	high_H0	B	0.514086613	0.150000000	0.971752474	regime_2				Strategy A/B synthetic proxy activation	/Users/fujikijunichi/Desktop/MAXOMEGA/_paper_journal/paper_20260305_102018_audit_sensitivity/_STRATEGY_AB_PROXY_EMULATOR_ACTIVATION_SYNTHETIC_PROXY_RULE_REVIEW_FREEZE_V1_20260614_092028	diagnostic_proxy_emulator_only
strategy_ab_activation_synthetic_proxy_payload_v1	v1	SYNTHETIC_PROXY	Strategy_B	pseudo_chain_B	53	75.592857	high_H0	B	0.431553616	0.150000000	0.976536622	regime_2				Strategy A/B synthetic proxy activation	/Users/fujikijunichi/Desktop/MAXOMEGA/_paper_journal/paper_20260305_102018_audit_sensitivity/_STRATEGY_AB_PROXY_EMULATOR_ACTIVATION_SYNTHETIC_PROXY_RULE_REVIEW_FREEZE_V1_20260614_092028	diagnostic_proxy_emulator_only
strategy_ab_activation_synthetic_proxy_payload_v1	v1	SYNTHETIC_PROXY	Strategy_B	pseudo_chain_B	54	75.878571	high_H0	B	0.354952364	0.150000000	0.980526739	regime_2				Strategy A/B synthetic proxy activation	/Users/fujikijunichi/Desktop/MAXOMEGA/_paper_journal/paper_20260305_102018_audit_sensitivity/_STRATEGY_AB_PROXY_EMULATOR_ACTIVATION_SYNTHETIC_PROXY_RULE_REVIEW_FREEZE_V1_20260614_092028	diagnostic_proxy_emulator_only
strategy_ab_activation_synthetic_proxy_payload_v1	v1	SYNTHETIC_PROXY	Strategy_B	pseudo_chain_B	55	76.164286	high_H0	B	0.286050185	0.150000000	0.983849530	regime_2				Strategy A/B synthetic proxy activation	/Users/fujikijunichi/Desktop/MAXOMEGA/_paper_journal/paper_20260305_102018_audit_sensitivity/_STRATEGY_AB_PROXY_EMULATOR_ACTIVATION_SYNTHETIC_PROXY_RULE_REVIEW_FREEZE_V1_20260614_092028	diagnostic_proxy_emulator_only
strategy_ab_activation_synthetic_proxy_payload_v1	v1	SYNTHETIC_PROXY	Strategy_B	pseudo_chain_B	56	76.450000	high_H0	B	0.225866198	0.150000000	0.986613082	regime_2				Strategy A/B synthetic proxy activation	/Users/fujikijunichi/Desktop/MAXOMEGA/_paper_journal/paper_20260305_102018_audit_sensitivity/_STRATEGY_AB_PROXY_EMULATOR_ACTIVATION_SYNTHETIC_PROXY_RULE_REVIEW_FREEZE_V1_20260614_092028	diagnostic_proxy_emulator_only
strategy_ab_activation_synthetic_proxy_payload_v1	v1	SYNTHETIC_PROXY	Strategy_B	pseudo_chain_B	57	76.735714	high_H0	B	0.174741917	0.150000000	0.988909086	regime_2				Strategy A/B synthetic proxy activation	/Users/fujikijunichi/Desktop/MAXOMEGA/_paper_journal/paper_20260305_102018_audit_sensitivity/_STRATEGY_AB_PROXY_EMULATOR_ACTIVATION_SYNTHETIC_PROXY_RULE_REVIEW_FREEZE_V1_20260614_092028	diagnostic_proxy_emulator_only
strategy_ab_activation_synthetic_proxy_payload_v1	v1	SYNTHETIC_PROXY	Strategy_B	pseudo_chain_B	58	77.021429	high_H0	B	0.132458490	0.150000000	0.990814966	regime_2				Strategy A/B synthetic proxy activation	/Users/fujikijunichi/Desktop/MAXOMEGA/_paper_journal/paper_20260305_102018_audit_sensitivity/_STRATEGY_AB_PROXY_EMULATOR_ACTIVATION_SYNTHETIC_PROXY_RULE_REVIEW_FREEZE_V1_20260614_092028	diagnostic_proxy_emulator_only
strategy_ab_activation_synthetic_proxy_payload_v1	v1	SYNTHETIC_PROXY	Strategy_B	pseudo_chain_B	59	77.307143	high_H0	B	0.098378308	0.150000000	0.992395855	regime_2				Strategy A/B synthetic proxy activation	/Users/fujikijunichi/Desktop/MAXOMEGA/_paper_journal/paper_20260305_102018_audit_sensitivity/_STRATEGY_AB_PROXY_EMULATOR_ACTIVATION_SYNTHETIC_PROXY_RULE_REVIEW_FREEZE_V1_20260614_092028	diagnostic_proxy_emulator_only
strategy_ab_activation_synthetic_proxy_payload_v1	v1	SYNTHETIC_PROXY	Strategy_B	pseudo_chain_B	60	77.592857	high_H0	B	0.071590558	0.150000000	0.993706376	regime_2				Strategy A/B synthetic proxy activation	/Users/fujikijunichi/Desktop/MAXOMEGA/_paper_journal/paper_20260305_102018_audit_sensitivity/_STRATEGY_AB_PROXY_EMULATOR_ACTIVATION_SYNTHETIC_PROXY_RULE_REVIEW_FREEZE_V1_20260614_092028	diagnostic_proxy_emulator_only
strategy_ab_activation_synthetic_proxy_payload_v1	v1	SYNTHETIC_PROXY	Strategy_B	pseudo_chain_B	61	77.878571	high_H0	B	0.051044504	0.150000000	0.994792224	regime_2				Strategy A/B synthetic proxy activation	/Users/fujikijunichi/Desktop/MAXOMEGA/_paper_journal/paper_20260305_102018_audit_sensitivity/_STRATEGY_AB_PROXY_EMULATOR_ACTIVATION_SYNTHETIC_PROXY_RULE_REVIEW_FREEZE_V1_20260614_092028	diagnostic_proxy_emulator_only
strategy_ab_activation_synthetic_proxy_payload_v1	v1	SYNTHETIC_PROXY	Strategy_B	pseudo_chain_B	62	78.164286	high_H0	B	0.035659815	0.150000000	0.995691541	regime_2				Strategy A/B synthetic proxy activation	/Users/fujikijunichi/Desktop/MAXOMEGA/_paper_journal/paper_20260305_102018_audit_sensitivity/_STRATEGY_AB_PROXY_EMULATOR_ACTIVATION_SYNTHETIC_PROXY_RULE_REVIEW_FREEZE_V1_20260614_092028	diagnostic_proxy_emulator_only
strategy_ab_activation_synthetic_proxy_payload_v1	v1	SYNTHETIC_PROXY	Strategy_B	pseudo_chain_B	63	78.450000	high_H0	B	0.024408777	0.150000000	0.996436113	regime_2				Strategy A/B synthetic proxy activation	/Users/fujikijunichi/Desktop/MAXOMEGA/_paper_journal/paper_20260305_102018_audit_sensitivity/_STRATEGY_AB_PROXY_EMULATOR_ACTIVATION_SYNTHETIC_PROXY_RULE_REVIEW_FREEZE_V1_20260614_092028	diagnostic_proxy_emulator_only
