source_id	source_kind	provenance_root	parameter_grid_lock_root	lockroot	row_index	x_index	y_index	x_offset_sigma	y_offset_sigma	x_name	y_name	x_value	y_value	basin_value	basin_label	diagnostic_class	obs_DM_over_rd	obs_DH_over_rd	delta_DM_model_minus_obs	delta_DH_model_minus_obs	Cinv_00	Cinv_01	Cinv_10	Cinv_11	boundary_tag	likelihood_evaluation	normalized_likelihood_evaluation	mcmc	posterior_inference	physical_proof	manuscript_claim	fake_synthetic_fallback_contour
STRATEGY_AB_BAO_2X2_DIAGNOSTIC_81_GRID_SOURCE_CANDIDATE_V1	REAL_DERIVED_FROZEN_STATIC_DIAGNOSTIC_SOURCE	[redacted-local-source-root]	[redacted-local-source-root]	[redacted-local-source-root]	1	1	1	-2.0	-2.0	model_DM_over_rd	model_DH_over_rd	16.925404773390095	19.032933276062259	10.548386438251248	diagnostic_surface	BAO_2X2_DIAGNOSTIC_CHI2_SURFACE_ONLY	17.649999999999999	19.77	-0.72459522660990316	-0.73706672393774042	11.6279311211	1.7545717495299999	1.7545717495299999	4.7290380586299996	DIAGNOSTIC_CHI2_SURFACE_ONLY_NOT_FULL_LIKELIHOOD	NO	NO	NO	NO	NO	NO	NO
STRATEGY_AB_BAO_2X2_DIAGNOSTIC_81_GRID_SOURCE_CANDIDATE_V1	REAL_DERIVED_FROZEN_STATIC_DIAGNOSTIC_SOURCE	[redacted-local-source-root]	[redacted-local-source-root]	[redacted-local-source-root]	2	1	2	-2.0	-1.5	model_DM_over_rd	model_DH_over_rd	16.925404773390095	19.26957646738639	8.5618030181571285	diagnostic_surface	BAO_2X2_DIAGNOSTIC_CHI2_SURFACE_ONLY	17.649999999999999	19.77	-0.72459522660990316	-0.50042353261360972	11.6279311211	1.7545717495299999	1.7545717495299999	4.7290380586299996	DIAGNOSTIC_CHI2_SURFACE_ONLY_NOT_FULL_LIKELIHOOD	NO	NO	NO	NO	NO	NO	NO
STRATEGY_AB_BAO_2X2_DIAGNOSTIC_81_GRID_SOURCE_CANDIDATE_V1	REAL_DERIVED_FROZEN_STATIC_DIAGNOSTIC_SOURCE	[redacted-local-source-root]	[redacted-local-source-root]	[redacted-local-source-root]	3	1	3	-2.0	-1.0	model_DM_over_rd	model_DH_over_rd	16.925404773390095	19.506219658710521	7.1048718606302224	diagnostic_surface	BAO_2X2_DIAGNOSTIC_CHI2_SURFACE_ONLY	17.649999999999999	19.77	-0.72459522660990316	-0.26378034128947903	11.6279311211	1.7545717495299999	1.7545717495299999	4.7290380586299996	DIAGNOSTIC_CHI2_SURFACE_ONLY_NOT_FULL_LIKELIHOOD	NO	NO	NO	NO	NO	NO	NO
STRATEGY_AB_BAO_2X2_DIAGNOSTIC_81_GRID_SOURCE_CANDIDATE_V1	REAL_DERIVED_FROZEN_STATIC_DIAGNOSTIC_SOURCE	[redacted-local-source-root]	[redacted-local-source-root]	[redacted-local-source-root]	4	1	4	-2.0	-0.5	model_DM_over_rd	model_DH_over_rd	16.925404773390095	19.742862850034648	6.1775929656705406	diagnostic_surface	BAO_2X2_DIAGNOSTIC_CHI2_SURFACE_ONLY	17.649999999999999	19.77	-0.72459522660990316	-0.027137149965351881	11.6279311211	1.7545717495299999	1.7545717495299999	4.7290380586299996	DIAGNOSTIC_CHI2_SURFACE_ONLY_NOT_FULL_LIKELIHOOD	NO	NO	NO	NO	NO	NO	NO
STRATEGY_AB_BAO_2X2_DIAGNOSTIC_81_GRID_SOURCE_CANDIDATE_V1	REAL_DERIVED_FROZEN_STATIC_DIAGNOSTIC_SOURCE	[redacted-local-source-root]	[redacted-local-source-root]	[redacted-local-source-root]	5	1	5	-2.0	0.0	model_DM_over_rd	model_DH_over_rd	16.925404773390095	19.979506041358778	5.7799663332780531	diagnostic_surface	BAO_2X2_DIAGNOSTIC_CHI2_SURFACE_ONLY	17.649999999999999	19.77	-0.72459522660990316	0.20950604135877882	11.6279311211	1.7545717495299999	1.7545717495299999	4.7290380586299996	DIAGNOSTIC_CHI2_SURFACE_ONLY_NOT_FULL_LIKELIHOOD	NO	NO	NO	NO	NO	NO	NO
STRATEGY_AB_BAO_2X2_DIAGNOSTIC_81_GRID_SOURCE_CANDIDATE_V1	REAL_DERIVED_FROZEN_STATIC_DIAGNOSTIC_SOURCE	[redacted-local-source-root]	[redacted-local-source-root]	[redacted-local-source-root]	6	1	6	-2.0	0.5	model_DM_over_rd	model_DH_over_rd	16.925404773390095	20.216149232682909	5.9119919634527802	diagnostic_surface	BAO_2X2_DIAGNOSTIC_CHI2_SURFACE_ONLY	17.649999999999999	19.77	-0.72459522660990316	0.44614923268290951	11.6279311211	1.7545717495299999	1.7545717495299999	4.7290380586299996	DIAGNOSTIC_CHI2_SURFACE_ONLY_NOT_FULL_LIKELIHOOD	NO	NO	NO	NO	NO	NO	NO
STRATEGY_AB_BAO_2X2_DIAGNOSTIC_81_GRID_SOURCE_CANDIDATE_V1	REAL_DERIVED_FROZEN_STATIC_DIAGNOSTIC_SOURCE	[redacted-local-source-root]	[redacted-local-source-root]	[redacted-local-source-root]	7	1	7	-2.0	1.0	model_DM_over_rd	model_DH_over_rd	16.925404773390095	20.452792424007036	6.5736698561947069	diagnostic_surface	BAO_2X2_DIAGNOSTIC_CHI2_SURFACE_ONLY	17.649999999999999	19.77	-0.72459522660990316	0.68279242400703666	11.6279311211	1.7545717495299999	1.7545717495299999	4.7290380586299996	DIAGNOSTIC_CHI2_SURFACE_ONLY_NOT_FULL_LIKELIHOOD	NO	NO	NO	NO	NO	NO	NO
STRATEGY_AB_BAO_2X2_DIAGNOSTIC_81_GRID_SOURCE_CANDIDATE_V1	REAL_DERIVED_FROZEN_STATIC_DIAGNOSTIC_SOURCE	[redacted-local-source-root]	[redacted-local-source-root]	[redacted-local-source-root]	8	1	8	-2.0	1.5	model_DM_over_rd	model_DH_over_rd	16.925404773390095	20.689435615331167	7.7650000115038544	diagnostic_surface	BAO_2X2_DIAGNOSTIC_CHI2_SURFACE_ONLY	17.649999999999999	19.77	-0.72459522660990316	0.91943561533116736	11.6279311211	1.7545717495299999	1.7545717495299999	4.7290380586299996	DIAGNOSTIC_CHI2_SURFACE_ONLY_NOT_FULL_LIKELIHOOD	NO	NO	NO	NO	NO	NO	NO
STRATEGY_AB_BAO_2X2_DIAGNOSTIC_81_GRID_SOURCE_CANDIDATE_V1	REAL_DERIVED_FROZEN_STATIC_DIAGNOSTIC_SOURCE	[redacted-local-source-root]	[redacted-local-source-root]	[redacted-local-source-root]	9	1	9	-2.0	2.0	model_DM_over_rd	model_DH_over_rd	16.925404773390095	20.926078806655298	9.4859824293802149	diagnostic_surface	BAO_2X2_DIAGNOSTIC_CHI2_SURFACE_ONLY	17.649999999999999	19.77	-0.72459522660990316	1.1560788066552981	11.6279311211	1.7545717495299999	1.7545717495299999	4.7290380586299996	DIAGNOSTIC_CHI2_SURFACE_ONLY_NOT_FULL_LIKELIHOOD	NO	NO	NO	NO	NO	NO	NO
STRATEGY_AB_BAO_2X2_DIAGNOSTIC_81_GRID_SOURCE_CANDIDATE_V1	REAL_DERIVED_FROZEN_STATIC_DIAGNOSTIC_SOURCE	[redacted-local-source-root]	[redacted-local-source-root]	[redacted-local-source-root]	10	2	1	-1.5	-2.0	model_DM_over_rd	model_DH_over_rd	17.076318656118119	19.032933276062259	7.8798149683625205	diagnostic_surface	BAO_2X2_DIAGNOSTIC_CHI2_SURFACE_ONLY	17.649999999999999	19.77	-0.57368134388187997	-0.73706672393774042	11.6279311211	1.7545717495299999	1.7545717495299999	4.7290380586299996	DIAGNOSTIC_CHI2_SURFACE_ONLY_NOT_FULL_LIKELIHOOD	NO	NO	NO	NO	NO	NO	NO
STRATEGY_AB_BAO_2X2_DIAGNOSTIC_81_GRID_SOURCE_CANDIDATE_V1	REAL_DERIVED_FROZEN_STATIC_DIAGNOSTIC_SOURCE	[redacted-local-source-root]	[redacted-local-source-root]	[redacted-local-source-root]	11	2	2	-1.5	-1.5	model_DM_over_rd	model_DH_over_rd	17.076318656118119	19.26957646738639	6.0185526875824031	diagnostic_surface	BAO_2X2_DIAGNOSTIC_CHI2_SURFACE_ONLY	17.649999999999999	19.77	-0.57368134388187997	-0.50042353261360972	11.6279311211	1.7545717495299999	1.7545717495299999	4.7290380586299996	DIAGNOSTIC_CHI2_SURFACE_ONLY_NOT_FULL_LIKELIHOOD	NO	NO	NO	NO	NO	NO	NO
STRATEGY_AB_BAO_2X2_DIAGNOSTIC_81_GRID_SOURCE_CANDIDATE_V1	REAL_DERIVED_FROZEN_STATIC_DIAGNOSTIC_SOURCE	[redacted-local-source-root]	[redacted-local-source-root]	[redacted-local-source-root]	12	2	3	-1.5	-1.0	model_DM_over_rd	model_DH_over_rd	17.076318656118119	19.506219658710521	4.6869426693694995	diagnostic_surface	BAO_2X2_DIAGNOSTIC_CHI2_SURFACE_ONLY	17.649999999999999	19.77	-0.57368134388187997	-0.26378034128947903	11.6279311211	1.7545717495299999	1.7545717495299999	4.7290380586299996	DIAGNOSTIC_CHI2_SURFACE_ONLY_NOT_FULL_LIKELIHOOD	NO	NO	NO	NO	NO	NO	NO
STRATEGY_AB_BAO_2X2_DIAGNOSTIC_81_GRID_SOURCE_CANDIDATE_V1	REAL_DERIVED_FROZEN_STATIC_DIAGNOSTIC_SOURCE	[redacted-local-source-root]	[redacted-local-source-root]	[redacted-local-source-root]	13	2	4	-1.5	-0.5	model_DM_over_rd	model_DH_over_rd	17.076318656118119	19.742862850034648	3.8849849137238177	diagnostic_surface	BAO_2X2_DIAGNOSTIC_CHI2_SURFACE_ONLY	17.649999999999999	19.77	-0.57368134388187997	-0.027137149965351881	11.6279311211	1.7545717495299999	1.7545717495299999	4.7290380586299996	DIAGNOSTIC_CHI2_SURFACE_ONLY_NOT_FULL_LIKELIHOOD	NO	NO	NO	NO	NO	NO	NO
STRATEGY_AB_BAO_2X2_DIAGNOSTIC_81_GRID_SOURCE_CANDIDATE_V1	REAL_DERIVED_FROZEN_STATIC_DIAGNOSTIC_SOURCE	[redacted-local-source-root]	[redacted-local-source-root]	[redacted-local-source-root]	14	2	5	-1.5	0.0	model_DM_over_rd	model_DH_over_rd	17.076318656118119	19.979506041358778	3.6126794206453336	diagnostic_surface	BAO_2X2_DIAGNOSTIC_CHI2_SURFACE_ONLY	17.649999999999999	19.77	-0.57368134388187997	0.20950604135877882	11.6279311211	1.7545717495299999	1.7545717495299999	4.7290380586299996	DIAGNOSTIC_CHI2_SURFACE_ONLY_NOT_FULL_LIKELIHOOD	NO	NO	NO	NO	NO	NO	NO
STRATEGY_AB_BAO_2X2_DIAGNOSTIC_81_GRID_SOURCE_CANDIDATE_V1	REAL_DERIVED_FROZEN_STATIC_DIAGNOSTIC_SOURCE	[redacted-local-source-root]	[redacted-local-source-root]	[redacted-local-source-root]	15	2	6	-1.5	0.5	model_DM_over_rd	model_DH_over_rd	17.076318656118119	20.216149232682909	3.8700261901340633	diagnostic_surface	BAO_2X2_DIAGNOSTIC_CHI2_SURFACE_ONLY	17.649999999999999	19.77	-0.57368134388187997	0.44614923268290951	11.6279311211	1.7545717495299999	1.7545717495299999	4.7290380586299996	DIAGNOSTIC_CHI2_SURFACE_ONLY_NOT_FULL_LIKELIHOOD	NO	NO	NO	NO	NO	NO	NO
STRATEGY_AB_BAO_2X2_DIAGNOSTIC_81_GRID_SOURCE_CANDIDATE_V1	REAL_DERIVED_FROZEN_STATIC_DIAGNOSTIC_SOURCE	[redacted-local-source-root]	[redacted-local-source-root]	[redacted-local-source-root]	16	2	7	-1.5	1.0	model_DM_over_rd	model_DH_over_rd	17.076318656118119	20.452792424007036	4.6570252221899917	diagnostic_surface	BAO_2X2_DIAGNOSTIC_CHI2_SURFACE_ONLY	17.649999999999999	19.77	-0.57368134388187997	0.68279242400703666	11.6279311211	1.7545717495299999	1.7545717495299999	4.7290380586299996	DIAGNOSTIC_CHI2_SURFACE_ONLY_NOT_FULL_LIKELIHOOD	NO	NO	NO	NO	NO	NO	NO
STRATEGY_AB_BAO_2X2_DIAGNOSTIC_81_GRID_SOURCE_CANDIDATE_V1	REAL_DERIVED_FROZEN_STATIC_DIAGNOSTIC_SOURCE	[redacted-local-source-root]	[redacted-local-source-root]	[redacted-local-source-root]	17	2	8	-1.5	1.5	model_DM_over_rd	model_DH_over_rd	17.076318656118119	20.689435615331167	5.9736765168131409	diagnostic_surface	BAO_2X2_DIAGNOSTIC_CHI2_SURFACE_ONLY	17.649999999999999	19.77	-0.57368134388187997	0.91943561533116736	11.6279311211	1.7545717495299999	1.7545717495299999	4.7290380586299996	DIAGNOSTIC_CHI2_SURFACE_ONLY_NOT_FULL_LIKELIHOOD	NO	NO	NO	NO	NO	NO	NO
STRATEGY_AB_BAO_2X2_DIAGNOSTIC_81_GRID_SOURCE_CANDIDATE_V1	REAL_DERIVED_FROZEN_STATIC_DIAGNOSTIC_SOURCE	[redacted-local-source-root]	[redacted-local-source-root]	[redacted-local-source-root]	18	2	9	-1.5	2.0	model_DM_over_rd	model_DH_over_rd	17.076318656118119	20.926078806655298	7.8199800740035039	diagnostic_surface	BAO_2X2_DIAGNOSTIC_CHI2_SURFACE_ONLY	17.649999999999999	19.77	-0.57368134388187997	1.1560788066552981	11.6279311211	1.7545717495299999	1.7545717495299999	4.7290380586299996	DIAGNOSTIC_CHI2_SURFACE_ONLY_NOT_FULL_LIKELIHOOD	NO	NO	NO	NO	NO	NO	NO
STRATEGY_AB_BAO_2X2_DIAGNOSTIC_81_GRID_SOURCE_CANDIDATE_V1	REAL_DERIVED_FROZEN_STATIC_DIAGNOSTIC_SOURCE	[redacted-local-source-root]	[redacted-local-source-root]	[redacted-local-source-root]	19	3	1	-1.0	-2.0	model_DM_over_rd	model_DH_over_rd	17.227232538846142	19.032933276062259	5.7408957610410027	diagnostic_surface	BAO_2X2_DIAGNOSTIC_CHI2_SURFACE_ONLY	17.649999999999999	19.77	-0.42276746115385677	-0.73706672393774042	11.6279311211	1.7545717495299999	1.7545717495299999	4.7290380586299996	DIAGNOSTIC_CHI2_SURFACE_ONLY_NOT_FULL_LIKELIHOOD	NO	NO	NO	NO	NO	NO	NO
STRATEGY_AB_BAO_2X2_DIAGNOSTIC_81_GRID_SOURCE_CANDIDATE_V1	REAL_DERIVED_FROZEN_STATIC_DIAGNOSTIC_SOURCE	[redacted-local-source-root]	[redacted-local-source-root]	[redacted-local-source-root]	20	3	2	-1.0	-1.5	model_DM_over_rd	model_DH_over_rd	17.227232538846142	19.26957646738639	4.0049546195748871	diagnostic_surface	BAO_2X2_DIAGNOSTIC_CHI2_SURFACE_ONLY	17.649999999999999	19.77	-0.42276746115385677	-0.50042353261360972	11.6279311211	1.7545717495299999	1.7545717495299999	4.7290380586299996	DIAGNOSTIC_CHI2_SURFACE_ONLY_NOT_FULL_LIKELIHOOD	NO	NO	NO	NO	NO	NO	NO
STRATEGY_AB_BAO_2X2_DIAGNOSTIC_81_GRID_SOURCE_CANDIDATE_V1	REAL_DERIVED_FROZEN_STATIC_DIAGNOSTIC_SOURCE	[redacted-local-source-root]	[redacted-local-source-root]	[redacted-local-source-root]	21	3	3	-1.0	-1.0	model_DM_over_rd	model_DH_over_rd	17.227232538846142	19.506219658710521	2.7986657406759869	diagnostic_surface	BAO_2X2_DIAGNOSTIC_CHI2_SURFACE_ONLY	17.649999999999999	19.77	-0.42276746115385677	-0.26378034128947903	11.6279311211	1.7545717495299999	1.7545717495299999	4.7290380586299996	DIAGNOSTIC_CHI2_SURFACE_ONLY_NOT_FULL_LIKELIHOOD	NO	NO	NO	NO	NO	NO	NO
STRATEGY_AB_BAO_2X2_DIAGNOSTIC_81_GRID_SOURCE_CANDIDATE_V1	REAL_DERIVED_FROZEN_STATIC_DIAGNOSTIC_SOURCE	[redacted-local-source-root]	[redacted-local-source-root]	[redacted-local-source-root]	22	3	4	-1.0	-0.5	model_DM_over_rd	model_DH_over_rd	17.227232538846142	19.742862850034648	2.1220291243443059	diagnostic_surface	BAO_2X2_DIAGNOSTIC_CHI2_SURFACE_ONLY	17.649999999999999	19.77	-0.42276746115385677	-0.027137149965351881	11.6279311211	1.7545717495299999	1.7545717495299999	4.7290380586299996	DIAGNOSTIC_CHI2_SURFACE_ONLY_NOT_FULL_LIKELIHOOD	NO	NO	NO	NO	NO	NO	NO
STRATEGY_AB_BAO_2X2_DIAGNOSTIC_81_GRID_SOURCE_CANDIDATE_V1	REAL_DERIVED_FROZEN_STATIC_DIAGNOSTIC_SOURCE	[redacted-local-source-root]	[redacted-local-source-root]	[redacted-local-source-root]	23	3	5	-1.0	0.0	model_DM_over_rd	model_DH_over_rd	17.227232538846142	19.979506041358778	1.9750447705798249	diagnostic_surface	BAO_2X2_DIAGNOSTIC_CHI2_SURFACE_ONLY	17.649999999999999	19.77	-0.42276746115385677	0.20950604135877882	11.6279311211	1.7545717495299999	1.7545717495299999	4.7290380586299996	DIAGNOSTIC_CHI2_SURFACE_ONLY_NOT_FULL_LIKELIHOOD	NO	NO	NO	NO	NO	NO	NO
STRATEGY_AB_BAO_2X2_DIAGNOSTIC_81_GRID_SOURCE_CANDIDATE_V1	REAL_DERIVED_FROZEN_STATIC_DIAGNOSTIC_SOURCE	[redacted-local-source-root]	[redacted-local-source-root]	[redacted-local-source-root]	24	3	6	-1.0	0.5	model_DM_over_rd	model_DH_over_rd	17.227232538846142	20.216149232682909	2.3577126793825576	diagnostic_surface	BAO_2X2_DIAGNOSTIC_CHI2_SURFACE_ONLY	17.649999999999999	19.77	-0.42276746115385677	0.44614923268290951	11.6279311211	1.7545717495299999	1.7545717495299999	4.7290380586299996	DIAGNOSTIC_CHI2_SURFACE_ONLY_NOT_FULL_LIKELIHOOD	NO	NO	NO	NO	NO	NO	NO
STRATEGY_AB_BAO_2X2_DIAGNOSTIC_81_GRID_SOURCE_CANDIDATE_V1	REAL_DERIVED_FROZEN_STATIC_DIAGNOSTIC_SOURCE	[redacted-local-source-root]	[redacted-local-source-root]	[redacted-local-source-root]	25	3	7	-1.0	1.0	model_DM_over_rd	model_DH_over_rd	17.227232538846142	20.452792424007036	3.2700328507524863	diagnostic_surface	BAO_2X2_DIAGNOSTIC_CHI2_SURFACE_ONLY	17.649999999999999	19.77	-0.42276746115385677	0.68279242400703666	11.6279311211	1.7545717495299999	1.7545717495299999	4.7290380586299996	DIAGNOSTIC_CHI2_SURFACE_ONLY_NOT_FULL_LIKELIHOOD	NO	NO	NO	NO	NO	NO	NO
STRATEGY_AB_BAO_2X2_DIAGNOSTIC_81_GRID_SOURCE_CANDIDATE_V1	REAL_DERIVED_FROZEN_STATIC_DIAGNOSTIC_SOURCE	[redacted-local-source-root]	[redacted-local-source-root]	[redacted-local-source-root]	26	3	8	-1.0	1.5	model_DM_over_rd	model_DH_over_rd	17.227232538846142	20.689435615331167	4.7120052846896385	diagnostic_surface	BAO_2X2_DIAGNOSTIC_CHI2_SURFACE_ONLY	17.649999999999999	19.77	-0.42276746115385677	0.91943561533116736	11.6279311211	1.7545717495299999	1.7545717495299999	4.7290380586299996	DIAGNOSTIC_CHI2_SURFACE_ONLY_NOT_FULL_LIKELIHOOD	NO	NO	NO	NO	NO	NO	NO
STRATEGY_AB_BAO_2X2_DIAGNOSTIC_81_GRID_SOURCE_CANDIDATE_V1	REAL_DERIVED_FROZEN_STATIC_DIAGNOSTIC_SOURCE	[redacted-local-source-root]	[redacted-local-source-root]	[redacted-local-source-root]	27	3	9	-1.0	2.0	model_DM_over_rd	model_DH_over_rd	17.227232538846142	20.926078806655298	6.6836299811940041	diagnostic_surface	BAO_2X2_DIAGNOSTIC_CHI2_SURFACE_ONLY	17.649999999999999	19.77	-0.42276746115385677	1.1560788066552981	11.6279311211	1.7545717495299999	1.7545717495299999	4.7290380586299996	DIAGNOSTIC_CHI2_SURFACE_ONLY_NOT_FULL_LIKELIHOOD	NO	NO	NO	NO	NO	NO	NO
STRATEGY_AB_BAO_2X2_DIAGNOSTIC_81_GRID_SOURCE_CANDIDATE_V1	REAL_DERIVED_FROZEN_STATIC_DIAGNOSTIC_SOURCE	[redacted-local-source-root]	[redacted-local-source-root]	[redacted-local-source-root]	28	4	1	-0.5	-2.0	model_DM_over_rd	model_DH_over_rd	17.378146421574165	19.032933276062259	4.1316288162866952	diagnostic_surface	BAO_2X2_DIAGNOSTIC_CHI2_SURFACE_ONLY	17.649999999999999	19.77	-0.27185357842583358	-0.73706672393774042	11.6279311211	1.7545717495299999	1.7545717495299999	4.7290380586299996	DIAGNOSTIC_CHI2_SURFACE_ONLY_NOT_FULL_LIKELIHOOD	NO	NO	NO	NO	NO	NO	NO
STRATEGY_AB_BAO_2X2_DIAGNOSTIC_81_GRID_SOURCE_CANDIDATE_V1	REAL_DERIVED_FROZEN_STATIC_DIAGNOSTIC_SOURCE	[redacted-local-source-root]	[redacted-local-source-root]	[redacted-local-source-root]	29	4	2	-0.5	-1.5	model_DM_over_rd	model_DH_over_rd	17.378146421574165	19.26957646738639	2.521008814134583	diagnostic_surface	BAO_2X2_DIAGNOSTIC_CHI2_SURFACE_ONLY	17.649999999999999	19.77	-0.27185357842583358	-0.50042353261360972	11.6279311211	1.7545717495299999	1.7545717495299999	4.7290380586299996	DIAGNOSTIC_CHI2_SURFACE_ONLY_NOT_FULL_LIKELIHOOD	NO	NO	NO	NO	NO	NO	NO
STRATEGY_AB_BAO_2X2_DIAGNOSTIC_81_GRID_SOURCE_CANDIDATE_V1	REAL_DERIVED_FROZEN_STATIC_DIAGNOSTIC_SOURCE	[redacted-local-source-root]	[redacted-local-source-root]	[redacted-local-source-root]	30	4	3	-0.5	-1.0	model_DM_over_rd	model_DH_over_rd	17.378146421574165	19.506219658710521	1.440041074549685	diagnostic_surface	BAO_2X2_DIAGNOSTIC_CHI2_SURFACE_ONLY	17.649999999999999	19.77	-0.27185357842583358	-0.26378034128947903	11.6279311211	1.7545717495299999	1.7545717495299999	4.7290380586299996	DIAGNOSTIC_CHI2_SURFACE_ONLY_NOT_FULL_LIKELIHOOD	NO	NO	NO	NO	NO	NO	NO
STRATEGY_AB_BAO_2X2_DIAGNOSTIC_81_GRID_SOURCE_CANDIDATE_V1	REAL_DERIVED_FROZEN_STATIC_DIAGNOSTIC_SOURCE	[redacted-local-source-root]	[redacted-local-source-root]	[redacted-local-source-root]	31	4	4	-0.5	-0.5	model_DM_over_rd	model_DH_over_rd	17.378146421574165	19.742862850034648	0.88872559753200497	diagnostic_surface	BAO_2X2_DIAGNOSTIC_CHI2_SURFACE_ONLY	17.649999999999999	19.77	-0.27185357842583358	-0.027137149965351881	11.6279311211	1.7545717495299999	1.7545717495299999	4.7290380586299996	DIAGNOSTIC_CHI2_SURFACE_ONLY_NOT_FULL_LIKELIHOOD	NO	NO	NO	NO	NO	NO	NO
STRATEGY_AB_BAO_2X2_DIAGNOSTIC_81_GRID_SOURCE_CANDIDATE_V1	REAL_DERIVED_FROZEN_STATIC_DIAGNOSTIC_SOURCE	[redacted-local-source-root]	[redacted-local-source-root]	[redacted-local-source-root]	32	4	5	-0.5	0.0	model_DM_over_rd	model_DH_over_rd	17.378146421574165	19.979506041358778	0.86706238308152639	diagnostic_surface	BAO_2X2_DIAGNOSTIC_CHI2_SURFACE_ONLY	17.649999999999999	19.77	-0.27185357842583358	0.20950604135877882	11.6279311211	1.7545717495299999	1.7545717495299999	4.7290380586299996	DIAGNOSTIC_CHI2_SURFACE_ONLY_NOT_FULL_LIKELIHOOD	NO	NO	NO	NO	NO	NO	NO
STRATEGY_AB_BAO_2X2_DIAGNOSTIC_81_GRID_SOURCE_CANDIDATE_V1	REAL_DERIVED_FROZEN_STATIC_DIAGNOSTIC_SOURCE	[redacted-local-source-root]	[redacted-local-source-root]	[redacted-local-source-root]	33	4	6	-0.5	0.5	model_DM_over_rd	model_DH_over_rd	17.378146421574165	20.216149232682909	1.3750514311982616	diagnostic_surface	BAO_2X2_DIAGNOSTIC_CHI2_SURFACE_ONLY	17.649999999999999	19.77	-0.27185357842583358	0.44614923268290951	11.6279311211	1.7545717495299999	1.7545717495299999	4.7290380586299996	DIAGNOSTIC_CHI2_SURFACE_ONLY_NOT_FULL_LIKELIHOOD	NO	NO	NO	NO	NO	NO	NO
STRATEGY_AB_BAO_2X2_DIAGNOSTIC_81_GRID_SOURCE_CANDIDATE_V1	REAL_DERIVED_FROZEN_STATIC_DIAGNOSTIC_SOURCE	[redacted-local-source-root]	[redacted-local-source-root]	[redacted-local-source-root]	34	4	7	-0.5	1.0	model_DM_over_rd	model_DH_over_rd	17.378146421574165	20.452792424007036	2.4126927418821911	diagnostic_surface	BAO_2X2_DIAGNOSTIC_CHI2_SURFACE_ONLY	17.649999999999999	19.77	-0.27185357842583358	0.68279242400703666	11.6279311211	1.7545717495299999	1.7545717495299999	4.7290380586299996	DIAGNOSTIC_CHI2_SURFACE_ONLY_NOT_FULL_LIKELIHOOD	NO	NO	NO	NO	NO	NO	NO
STRATEGY_AB_BAO_2X2_DIAGNOSTIC_81_GRID_SOURCE_CANDIDATE_V1	REAL_DERIVED_FROZEN_STATIC_DIAGNOSTIC_SOURCE	[redacted-local-source-root]	[redacted-local-source-root]	[redacted-local-source-root]	35	4	8	-0.5	1.5	model_DM_over_rd	model_DH_over_rd	17.378146421574165	20.689435615331167	3.9799863151333459	diagnostic_surface	BAO_2X2_DIAGNOSTIC_CHI2_SURFACE_ONLY	17.649999999999999	19.77	-0.27185357842583358	0.91943561533116736	11.6279311211	1.7545717495299999	1.7545717495299999	4.7290380586299996	DIAGNOSTIC_CHI2_SURFACE_ONLY_NOT_FULL_LIKELIHOOD	NO	NO	NO	NO	NO	NO	NO
STRATEGY_AB_BAO_2X2_DIAGNOSTIC_81_GRID_SOURCE_CANDIDATE_V1	REAL_DERIVED_FROZEN_STATIC_DIAGNOSTIC_SOURCE	[redacted-local-source-root]	[redacted-local-source-root]	[redacted-local-source-root]	36	4	9	-0.5	2.0	model_DM_over_rd	model_DH_over_rd	17.378146421574165	20.926078806655298	6.0769321509517145	diagnostic_surface	BAO_2X2_DIAGNOSTIC_CHI2_SURFACE_ONLY	17.649999999999999	19.77	-0.27185357842583358	1.1560788066552981	11.6279311211	1.7545717495299999	1.7545717495299999	4.7290380586299996	DIAGNOSTIC_CHI2_SURFACE_ONLY_NOT_FULL_LIKELIHOOD	NO	NO	NO	NO	NO	NO	NO
STRATEGY_AB_BAO_2X2_DIAGNOSTIC_81_GRID_SOURCE_CANDIDATE_V1	REAL_DERIVED_FROZEN_STATIC_DIAGNOSTIC_SOURCE	[redacted-local-source-root]	[redacted-local-source-root]	[redacted-local-source-root]	37	5	1	0.0	-2.0	model_DM_over_rd	model_DH_over_rd	17.529060304302188	19.032933276062259	3.0520141340995983	diagnostic_surface	BAO_2X2_DIAGNOSTIC_CHI2_SURFACE_ONLY	17.649999999999999	19.77	-0.12093969569781038	-0.73706672393774042	11.6279311211	1.7545717495299999	1.7545717495299999	4.7290380586299996	DIAGNOSTIC_CHI2_SURFACE_ONLY_NOT_FULL_LIKELIHOOD	NO	NO	NO	NO	NO	NO	NO
STRATEGY_AB_BAO_2X2_DIAGNOSTIC_81_GRID_SOURCE_CANDIDATE_V1	REAL_DERIVED_FROZEN_STATIC_DIAGNOSTIC_SOURCE	[redacted-local-source-root]	[redacted-local-source-root]	[redacted-local-source-root]	38	5	2	0.0	-1.5	model_DM_over_rd	model_DH_over_rd	17.529060304302188	19.26957646738639	1.5667152712614891	diagnostic_surface	BAO_2X2_DIAGNOSTIC_CHI2_SURFACE_ONLY	17.649999999999999	19.77	-0.12093969569781038	-0.50042353261360972	11.6279311211	1.7545717495299999	1.7545717495299999	4.7290380586299996	DIAGNOSTIC_CHI2_SURFACE_ONLY_NOT_FULL_LIKELIHOOD	NO	NO	NO	NO	NO	NO	NO
STRATEGY_AB_BAO_2X2_DIAGNOSTIC_81_GRID_SOURCE_CANDIDATE_V1	REAL_DERIVED_FROZEN_STATIC_DIAGNOSTIC_SOURCE	[redacted-local-source-root]	[redacted-local-source-root]	[redacted-local-source-root]	39	5	3	0.0	-1.0	model_DM_over_rd	model_DH_over_rd	17.529060304302188	19.506219658710521	0.61106867099059392	diagnostic_surface	BAO_2X2_DIAGNOSTIC_CHI2_SURFACE_ONLY	17.649999999999999	19.77	-0.12093969569781038	-0.26378034128947903	11.6279311211	1.7545717495299999	1.7545717495299999	4.7290380586299996	DIAGNOSTIC_CHI2_SURFACE_ONLY_NOT_FULL_LIKELIHOOD	NO	NO	NO	NO	NO	NO	NO
STRATEGY_AB_BAO_2X2_DIAGNOSTIC_81_GRID_SOURCE_CANDIDATE_V1	REAL_DERIVED_FROZEN_STATIC_DIAGNOSTIC_SOURCE	[redacted-local-source-root]	[redacted-local-source-root]	[redacted-local-source-root]	40	5	4	0.0	-0.5	model_DM_over_rd	model_DH_over_rd	17.529060304302188	19.742862850034648	0.18507433328691461	diagnostic_surface	BAO_2X2_DIAGNOSTIC_CHI2_SURFACE_ONLY	17.649999999999999	19.77	-0.12093969569781038	-0.027137149965351881	11.6279311211	1.7545717495299999	1.7545717495299999	4.7290380586299996	DIAGNOSTIC_CHI2_SURFACE_ONLY_NOT_FULL_LIKELIHOOD	NO	NO	NO	NO	NO	NO	NO
STRATEGY_AB_BAO_2X2_DIAGNOSTIC_81_GRID_SOURCE_CANDIDATE_V1	REAL_DERIVED_FROZEN_STATIC_DIAGNOSTIC_SOURCE	[redacted-local-source-root]	[redacted-local-source-root]	[redacted-local-source-root]	41	5	5	0.0	0.0	model_DM_over_rd	model_DH_over_rd	17.529060304302188	19.979506041358778	0.28873225815043868	center	BAO_2X2_DIAGNOSTIC_CHI2_SURFACE_ONLY	17.649999999999999	19.77	-0.12093969569781038	0.20950604135877882	11.6279311211	1.7545717495299999	1.7545717495299999	4.7290380586299996	DIAGNOSTIC_CHI2_SURFACE_ONLY_NOT_FULL_LIKELIHOOD	NO	NO	NO	NO	NO	NO	NO
STRATEGY_AB_BAO_2X2_DIAGNOSTIC_81_GRID_SOURCE_CANDIDATE_V1	REAL_DERIVED_FROZEN_STATIC_DIAGNOSTIC_SOURCE	[redacted-local-source-root]	[redacted-local-source-root]	[redacted-local-source-root]	42	5	6	0.0	0.5	model_DM_over_rd	model_DH_over_rd	17.529060304302188	20.216149232682909	0.92204244558117643	diagnostic_surface	BAO_2X2_DIAGNOSTIC_CHI2_SURFACE_ONLY	17.649999999999999	19.77	-0.12093969569781038	0.44614923268290951	11.6279311211	1.7545717495299999	1.7545717495299999	4.7290380586299996	DIAGNOSTIC_CHI2_SURFACE_ONLY_NOT_FULL_LIKELIHOOD	NO	NO	NO	NO	NO	NO	NO
STRATEGY_AB_BAO_2X2_DIAGNOSTIC_81_GRID_SOURCE_CANDIDATE_V1	REAL_DERIVED_FROZEN_STATIC_DIAGNOSTIC_SOURCE	[redacted-local-source-root]	[redacted-local-source-root]	[redacted-local-source-root]	43	5	7	0.0	1.0	model_DM_over_rd	model_DH_over_rd	17.529060304302188	20.452792424007036	2.085004895579107	diagnostic_surface	BAO_2X2_DIAGNOSTIC_CHI2_SURFACE_ONLY	17.649999999999999	19.77	-0.12093969569781038	0.68279242400703666	11.6279311211	1.7545717495299999	1.7545717495299999	4.7290380586299996	DIAGNOSTIC_CHI2_SURFACE_ONLY_NOT_FULL_LIKELIHOOD	NO	NO	NO	NO	NO	NO	NO
STRATEGY_AB_BAO_2X2_DIAGNOSTIC_81_GRID_SOURCE_CANDIDATE_V1	REAL_DERIVED_FROZEN_STATIC_DIAGNOSTIC_SOURCE	[redacted-local-source-root]	[redacted-local-source-root]	[redacted-local-source-root]	44	5	8	0.0	1.5	model_DM_over_rd	model_DH_over_rd	17.529060304302188	20.689435615331167	3.7776196081442643	diagnostic_surface	BAO_2X2_DIAGNOSTIC_CHI2_SURFACE_ONLY	17.649999999999999	19.77	-0.12093969569781038	0.91943561533116736	11.6279311211	1.7545717495299999	1.7545717495299999	4.7290380586299996	DIAGNOSTIC_CHI2_SURFACE_ONLY_NOT_FULL_LIKELIHOOD	NO	NO	NO	NO	NO	NO	NO
STRATEGY_AB_BAO_2X2_DIAGNOSTIC_81_GRID_SOURCE_CANDIDATE_V1	REAL_DERIVED_FROZEN_STATIC_DIAGNOSTIC_SOURCE	[redacted-local-source-root]	[redacted-local-source-root]	[redacted-local-source-root]	45	5	9	0.0	2.0	model_DM_over_rd	model_DH_over_rd	17.529060304302188	20.926078806655298	5.9998865832766359	diagnostic_surface	BAO_2X2_DIAGNOSTIC_CHI2_SURFACE_ONLY	17.649999999999999	19.77	-0.12093969569781038	1.1560788066552981	11.6279311211	1.7545717495299999	1.7545717495299999	4.7290380586299996	DIAGNOSTIC_CHI2_SURFACE_ONLY_NOT_FULL_LIKELIHOOD	NO	NO	NO	NO	NO	NO	NO
STRATEGY_AB_BAO_2X2_DIAGNOSTIC_81_GRID_SOURCE_CANDIDATE_V1	REAL_DERIVED_FROZEN_STATIC_DIAGNOSTIC_SOURCE	[redacted-local-source-root]	[redacted-local-source-root]	[redacted-local-source-root]	46	6	1	0.5	-2.0	model_DM_over_rd	model_DH_over_rd	17.679974187030211	19.032933276062259	2.5020517144797125	diagnostic_surface	BAO_2X2_DIAGNOSTIC_CHI2_SURFACE_ONLY	17.649999999999999	19.77	0.029974187030212818	-0.73706672393774042	11.6279311211	1.7545717495299999	1.7545717495299999	4.7290380586299996	DIAGNOSTIC_CHI2_SURFACE_ONLY_NOT_FULL_LIKELIHOOD	NO	NO	NO	NO	NO	NO	NO
STRATEGY_AB_BAO_2X2_DIAGNOSTIC_81_GRID_SOURCE_CANDIDATE_V1	REAL_DERIVED_FROZEN_STATIC_DIAGNOSTIC_SOURCE	[redacted-local-source-root]	[redacted-local-source-root]	[redacted-local-source-root]	47	6	2	0.5	-1.5	model_DM_over_rd	model_DH_over_rd	17.679974187030211	19.26957646738639	1.1420739909556059	diagnostic_surface	BAO_2X2_DIAGNOSTIC_CHI2_SURFACE_ONLY	17.649999999999999	19.77	0.029974187030212818	-0.50042353261360972	11.6279311211	1.7545717495299999	1.7545717495299999	4.7290380586299996	DIAGNOSTIC_CHI2_SURFACE_ONLY_NOT_FULL_LIKELIHOOD	NO	NO	NO	NO	NO	NO	NO
STRATEGY_AB_BAO_2X2_DIAGNOSTIC_81_GRID_SOURCE_CANDIDATE_V1	REAL_DERIVED_FROZEN_STATIC_DIAGNOSTIC_SOURCE	[redacted-local-source-root]	[redacted-local-source-root]	[redacted-local-source-root]	48	6	3	0.5	-1.0	model_DM_over_rd	model_DH_over_rd	17.679974187030211	19.506219658710521	0.31174852999871322	diagnostic_surface	BAO_2X2_DIAGNOSTIC_CHI2_SURFACE_ONLY	17.649999999999999	19.77	0.029974187030212818	-0.26378034128947903	11.6279311211	1.7545717495299999	1.7545717495299999	4.7290380586299996	DIAGNOSTIC_CHI2_SURFACE_ONLY_NOT_FULL_LIKELIHOOD	NO	NO	NO	NO	NO	NO	NO
STRATEGY_AB_BAO_2X2_DIAGNOSTIC_81_GRID_SOURCE_CANDIDATE_V1	REAL_DERIVED_FROZEN_STATIC_DIAGNOSTIC_SOURCE	[redacted-local-source-root]	[redacted-local-source-root]	[redacted-local-source-root]	49	6	4	0.5	-0.5	model_DM_over_rd	model_DH_over_rd	17.679974187030211	19.742862850034648	0.011075331609034707	diagnostic_surface	BAO_2X2_DIAGNOSTIC_CHI2_SURFACE_ONLY	17.649999999999999	19.77	0.029974187030212818	-0.027137149965351881	11.6279311211	1.7545717495299999	1.7545717495299999	4.7290380586299996	DIAGNOSTIC_CHI2_SURFACE_ONLY_NOT_FULL_LIKELIHOOD	NO	NO	NO	NO	NO	NO	NO
STRATEGY_AB_BAO_2X2_DIAGNOSTIC_81_GRID_SOURCE_CANDIDATE_V1	REAL_DERIVED_FROZEN_STATIC_DIAGNOSTIC_SOURCE	[redacted-local-source-root]	[redacted-local-source-root]	[redacted-local-source-root]	50	6	5	0.5	0.0	model_DM_over_rd	model_DH_over_rd	17.679974187030211	19.979506041358778	0.24005439578656149	diagnostic_surface	BAO_2X2_DIAGNOSTIC_CHI2_SURFACE_ONLY	17.649999999999999	19.77	0.029974187030212818	0.20950604135877882	11.6279311211	1.7545717495299999	1.7545717495299999	4.7290380586299996	DIAGNOSTIC_CHI2_SURFACE_ONLY_NOT_FULL_LIKELIHOOD	NO	NO	NO	NO	NO	NO	NO
STRATEGY_AB_BAO_2X2_DIAGNOSTIC_81_GRID_SOURCE_CANDIDATE_V1	REAL_DERIVED_FROZEN_STATIC_DIAGNOSTIC_SOURCE	[redacted-local-source-root]	[redacted-local-source-root]	[redacted-local-source-root]	51	6	6	0.5	0.5	model_DM_over_rd	model_DH_over_rd	17.679974187030211	20.216149232682909	0.99868572253130194	diagnostic_surface	BAO_2X2_DIAGNOSTIC_CHI2_SURFACE_ONLY	17.649999999999999	19.77	0.029974187030212818	0.44614923268290951	11.6279311211	1.7545717495299999	1.7545717495299999	4.7290380586299996	DIAGNOSTIC_CHI2_SURFACE_ONLY_NOT_FULL_LIKELIHOOD	NO	NO	NO	NO	NO	NO	NO
STRATEGY_AB_BAO_2X2_DIAGNOSTIC_81_GRID_SOURCE_CANDIDATE_V1	REAL_DERIVED_FROZEN_STATIC_DIAGNOSTIC_SOURCE	[redacted-local-source-root]	[redacted-local-source-root]	[redacted-local-source-root]	52	6	7	0.5	1.0	model_DM_over_rd	model_DH_over_rd	17.679974187030211	20.452792424007036	2.286969311843233	diagnostic_surface	BAO_2X2_DIAGNOSTIC_CHI2_SURFACE_ONLY	17.649999999999999	19.77	0.029974187030212818	0.68279242400703666	11.6279311211	1.7545717495299999	1.7545717495299999	4.7290380586299996	DIAGNOSTIC_CHI2_SURFACE_ONLY_NOT_FULL_LIKELIHOOD	NO	NO	NO	NO	NO	NO	NO
STRATEGY_AB_BAO_2X2_DIAGNOSTIC_81_GRID_SOURCE_CANDIDATE_V1	REAL_DERIVED_FROZEN_STATIC_DIAGNOSTIC_SOURCE	[redacted-local-source-root]	[redacted-local-source-root]	[redacted-local-source-root]	53	6	8	0.5	1.5	model_DM_over_rd	model_DH_over_rd	17.679974187030211	20.689435615331167	4.1049051637223934	diagnostic_surface	BAO_2X2_DIAGNOSTIC_CHI2_SURFACE_ONLY	17.649999999999999	19.77	0.029974187030212818	0.91943561533116736	11.6279311211	1.7545717495299999	1.7545717495299999	4.7290380586299996	DIAGNOSTIC_CHI2_SURFACE_ONLY_NOT_FULL_LIKELIHOOD	NO	NO	NO	NO	NO	NO	NO
STRATEGY_AB_BAO_2X2_DIAGNOSTIC_81_GRID_SOURCE_CANDIDATE_V1	REAL_DERIVED_FROZEN_STATIC_DIAGNOSTIC_SOURCE	[redacted-local-source-root]	[redacted-local-source-root]	[redacted-local-source-root]	54	6	9	0.5	2.0	model_DM_over_rd	model_DH_over_rd	17.679974187030211	20.926078806655298	6.4524932781687676	diagnostic_surface	BAO_2X2_DIAGNOSTIC_CHI2_SURFACE_ONLY	17.649999999999999	19.77	0.029974187030212818	1.1560788066552981	11.6279311211	1.7545717495299999	1.7545717495299999	4.7290380586299996	DIAGNOSTIC_CHI2_SURFACE_ONLY_NOT_FULL_LIKELIHOOD	NO	NO	NO	NO	NO	NO	NO
STRATEGY_AB_BAO_2X2_DIAGNOSTIC_81_GRID_SOURCE_CANDIDATE_V1	REAL_DERIVED_FROZEN_STATIC_DIAGNOSTIC_SOURCE	[redacted-local-source-root]	[redacted-local-source-root]	[redacted-local-source-root]	55	7	1	1.0	-2.0	model_DM_over_rd	model_DH_over_rd	17.830888069758235	19.032933276062259	2.4817415574270369	diagnostic_surface	BAO_2X2_DIAGNOSTIC_CHI2_SURFACE_ONLY	17.649999999999999	19.77	0.18088806975823601	-0.73706672393774042	11.6279311211	1.7545717495299999	1.7545717495299999	4.7290380586299996	DIAGNOSTIC_CHI2_SURFACE_ONLY_NOT_FULL_LIKELIHOOD	NO	NO	NO	NO	NO	NO	NO
STRATEGY_AB_BAO_2X2_DIAGNOSTIC_81_GRID_SOURCE_CANDIDATE_V1	REAL_DERIVED_FROZEN_STATIC_DIAGNOSTIC_SOURCE	[redacted-local-source-root]	[redacted-local-source-root]	[redacted-local-source-root]	56	7	2	1.0	-1.5	model_DM_over_rd	model_DH_over_rd	17.830888069758235	19.26957646738639	1.2470849732169329	diagnostic_surface	BAO_2X2_DIAGNOSTIC_CHI2_SURFACE_ONLY	17.649999999999999	19.77	0.18088806975823601	-0.50042353261360972	11.6279311211	1.7545717495299999	1.7545717495299999	4.7290380586299996	DIAGNOSTIC_CHI2_SURFACE_ONLY_NOT_FULL_LIKELIHOOD	NO	NO	NO	NO	NO	NO	NO
STRATEGY_AB_BAO_2X2_DIAGNOSTIC_81_GRID_SOURCE_CANDIDATE_V1	REAL_DERIVED_FROZEN_STATIC_DIAGNOSTIC_SOURCE	[redacted-local-source-root]	[redacted-local-source-root]	[redacted-local-source-root]	57	7	3	1.0	-1.0	model_DM_over_rd	model_DH_over_rd	17.830888069758235	19.506219658710521	0.54208065157404306	diagnostic_surface	BAO_2X2_DIAGNOSTIC_CHI2_SURFACE_ONLY	17.649999999999999	19.77	0.18088806975823601	-0.26378034128947903	11.6279311211	1.7545717495299999	1.7545717495299999	4.7290380586299996	DIAGNOSTIC_CHI2_SURFACE_ONLY_NOT_FULL_LIKELIHOOD	NO	NO	NO	NO	NO	NO	NO
STRATEGY_AB_BAO_2X2_DIAGNOSTIC_81_GRID_SOURCE_CANDIDATE_V1	REAL_DERIVED_FROZEN_STATIC_DIAGNOSTIC_SOURCE	[redacted-local-source-root]	[redacted-local-source-root]	[redacted-local-source-root]	58	7	4	1.0	-0.5	model_DM_over_rd	model_DH_over_rd	17.830888069758235	19.742862850034648	0.36672859249836531	diagnostic_surface	BAO_2X2_DIAGNOSTIC_CHI2_SURFACE_ONLY	17.649999999999999	19.77	0.18088806975823601	-0.027137149965351881	11.6279311211	1.7545717495299999	1.7545717495299999	4.7290380586299996	DIAGNOSTIC_CHI2_SURFACE_ONLY_NOT_FULL_LIKELIHOOD	NO	NO	NO	NO	NO	NO	NO
STRATEGY_AB_BAO_2X2_DIAGNOSTIC_81_GRID_SOURCE_CANDIDATE_V1	REAL_DERIVED_FROZEN_STATIC_DIAGNOSTIC_SOURCE	[redacted-local-source-root]	[redacted-local-source-root]	[redacted-local-source-root]	59	7	5	1.0	0.0	model_DM_over_rd	model_DH_over_rd	17.830888069758235	19.979506041358778	0.72102879598989489	diagnostic_surface	BAO_2X2_DIAGNOSTIC_CHI2_SURFACE_ONLY	17.649999999999999	19.77	0.18088806975823601	0.20950604135877882	11.6279311211	1.7545717495299999	1.7545717495299999	4.7290380586299996	DIAGNOSTIC_CHI2_SURFACE_ONLY_NOT_FULL_LIKELIHOOD	NO	NO	NO	NO	NO	NO	NO
STRATEGY_AB_BAO_2X2_DIAGNOSTIC_81_GRID_SOURCE_CANDIDATE_V1	REAL_DERIVED_FROZEN_STATIC_DIAGNOSTIC_SOURCE	[redacted-local-source-root]	[redacted-local-source-root]	[redacted-local-source-root]	60	7	6	1.0	0.5	model_DM_over_rd	model_DH_over_rd	17.830888069758235	20.216149232682909	1.6049812620486379	diagnostic_surface	BAO_2X2_DIAGNOSTIC_CHI2_SURFACE_ONLY	17.649999999999999	19.77	0.18088806975823601	0.44614923268290951	11.6279311211	1.7545717495299999	1.7545717495299999	4.7290380586299996	DIAGNOSTIC_CHI2_SURFACE_ONLY_NOT_FULL_LIKELIHOOD	NO	NO	NO	NO	NO	NO	NO
STRATEGY_AB_BAO_2X2_DIAGNOSTIC_81_GRID_SOURCE_CANDIDATE_V1	REAL_DERIVED_FROZEN_STATIC_DIAGNOSTIC_SOURCE	[redacted-local-source-root]	[redacted-local-source-root]	[redacted-local-source-root]	61	7	7	1.0	1.0	model_DM_over_rd	model_DH_over_rd	17.830888069758235	20.452792424007036	3.0185859906745698	diagnostic_surface	BAO_2X2_DIAGNOSTIC_CHI2_SURFACE_ONLY	17.649999999999999	19.77	0.18088806975823601	0.68279242400703666	11.6279311211	1.7545717495299999	1.7545717495299999	4.7290380586299996	DIAGNOSTIC_CHI2_SURFACE_ONLY_NOT_FULL_LIKELIHOOD	NO	NO	NO	NO	NO	NO	NO
STRATEGY_AB_BAO_2X2_DIAGNOSTIC_81_GRID_SOURCE_CANDIDATE_V1	REAL_DERIVED_FROZEN_STATIC_DIAGNOSTIC_SOURCE	[redacted-local-source-root]	[redacted-local-source-root]	[redacted-local-source-root]	62	7	8	1.0	1.5	model_DM_over_rd	model_DH_over_rd	17.830888069758235	20.689435615331167	4.9618429818677328	diagnostic_surface	BAO_2X2_DIAGNOSTIC_CHI2_SURFACE_ONLY	17.649999999999999	19.77	0.18088806975823601	0.91943561533116736	11.6279311211	1.7545717495299999	1.7545717495299999	4.7290380586299996	DIAGNOSTIC_CHI2_SURFACE_ONLY_NOT_FULL_LIKELIHOOD	NO	NO	NO	NO	NO	NO	NO
STRATEGY_AB_BAO_2X2_DIAGNOSTIC_81_GRID_SOURCE_CANDIDATE_V1	REAL_DERIVED_FROZEN_STATIC_DIAGNOSTIC_SOURCE	[redacted-local-source-root]	[redacted-local-source-root]	[redacted-local-source-root]	63	7	9	1.0	2.0	model_DM_over_rd	model_DH_over_rd	17.830888069758235	20.926078806655298	7.4347522356281095	diagnostic_surface	BAO_2X2_DIAGNOSTIC_CHI2_SURFACE_ONLY	17.649999999999999	19.77	0.18088806975823601	1.1560788066552981	11.6279311211	1.7545717495299999	1.7545717495299999	4.7290380586299996	DIAGNOSTIC_CHI2_SURFACE_ONLY_NOT_FULL_LIKELIHOOD	NO	NO	NO	NO	NO	NO	NO
STRATEGY_AB_BAO_2X2_DIAGNOSTIC_81_GRID_SOURCE_CANDIDATE_V1	REAL_DERIVED_FROZEN_STATIC_DIAGNOSTIC_SOURCE	[redacted-local-source-root]	[redacted-local-source-root]	[redacted-local-source-root]	64	8	1	1.5	-2.0	model_DM_over_rd	model_DH_over_rd	17.981801952486258	19.032933276062259	2.991083662941572	diagnostic_surface	BAO_2X2_DIAGNOSTIC_CHI2_SURFACE_ONLY	17.649999999999999	19.77	0.33180195248625921	-0.73706672393774042	11.6279311211	1.7545717495299999	1.7545717495299999	4.7290380586299996	DIAGNOSTIC_CHI2_SURFACE_ONLY_NOT_FULL_LIKELIHOOD	NO	NO	NO	NO	NO	NO	NO
STRATEGY_AB_BAO_2X2_DIAGNOSTIC_81_GRID_SOURCE_CANDIDATE_V1	REAL_DERIVED_FROZEN_STATIC_DIAGNOSTIC_SOURCE	[redacted-local-source-root]	[redacted-local-source-root]	[redacted-local-source-root]	65	8	2	1.5	-1.5	model_DM_over_rd	model_DH_over_rd	17.981801952486258	19.26957646738639	1.8817482180454708	diagnostic_surface	BAO_2X2_DIAGNOSTIC_CHI2_SURFACE_ONLY	17.649999999999999	19.77	0.33180195248625921	-0.50042353261360972	11.6279311211	1.7545717495299999	1.7545717495299999	4.7290380586299996	DIAGNOSTIC_CHI2_SURFACE_ONLY_NOT_FULL_LIKELIHOOD	NO	NO	NO	NO	NO	NO	NO
STRATEGY_AB_BAO_2X2_DIAGNOSTIC_81_GRID_SOURCE_CANDIDATE_V1	REAL_DERIVED_FROZEN_STATIC_DIAGNOSTIC_SOURCE	[redacted-local-source-root]	[redacted-local-source-root]	[redacted-local-source-root]	66	8	3	1.5	-1.0	model_DM_over_rd	model_DH_over_rd	17.981801952486258	19.506219658710521	1.3020650357165833	diagnostic_surface	BAO_2X2_DIAGNOSTIC_CHI2_SURFACE_ONLY	17.649999999999999	19.77	0.33180195248625921	-0.26378034128947903	11.6279311211	1.7545717495299999	1.7545717495299999	4.7290380586299996	DIAGNOSTIC_CHI2_SURFACE_ONLY_NOT_FULL_LIKELIHOOD	NO	NO	NO	NO	NO	NO	NO
STRATEGY_AB_BAO_2X2_DIAGNOSTIC_81_GRID_SOURCE_CANDIDATE_V1	REAL_DERIVED_FROZEN_STATIC_DIAGNOSTIC_SOURCE	[redacted-local-source-root]	[redacted-local-source-root]	[redacted-local-source-root]	67	8	4	1.5	-0.5	model_DM_over_rd	model_DH_over_rd	17.981801952486258	19.742862850034648	1.2520341159549062	diagnostic_surface	BAO_2X2_DIAGNOSTIC_CHI2_SURFACE_ONLY	17.649999999999999	19.77	0.33180195248625921	-0.027137149965351881	11.6279311211	1.7545717495299999	1.7545717495299999	4.7290380586299996	DIAGNOSTIC_CHI2_SURFACE_ONLY_NOT_FULL_LIKELIHOOD	NO	NO	NO	NO	NO	NO	NO
STRATEGY_AB_BAO_2X2_DIAGNOSTIC_81_GRID_SOURCE_CANDIDATE_V1	REAL_DERIVED_FROZEN_STATIC_DIAGNOSTIC_SOURCE	[redacted-local-source-root]	[redacted-local-source-root]	[redacted-local-source-root]	68	8	5	1.5	0.0	model_DM_over_rd	model_DH_over_rd	17.981801952486258	19.979506041358778	1.7316554587604387	diagnostic_surface	BAO_2X2_DIAGNOSTIC_CHI2_SURFACE_ONLY	17.649999999999999	19.77	0.33180195248625921	0.20950604135877882	11.6279311211	1.7545717495299999	1.7545717495299999	4.7290380586299996	DIAGNOSTIC_CHI2_SURFACE_ONLY_NOT_FULL_LIKELIHOOD	NO	NO	NO	NO	NO	NO	NO
STRATEGY_AB_BAO_2X2_DIAGNOSTIC_81_GRID_SOURCE_CANDIDATE_V1	REAL_DERIVED_FROZEN_STATIC_DIAGNOSTIC_SOURCE	[redacted-local-source-root]	[redacted-local-source-root]	[redacted-local-source-root]	69	8	6	1.5	0.5	model_DM_over_rd	model_DH_over_rd	17.981801952486258	20.216149232682909	2.7409290641331845	diagnostic_surface	BAO_2X2_DIAGNOSTIC_CHI2_SURFACE_ONLY	17.649999999999999	19.77	0.33180195248625921	0.44614923268290951	11.6279311211	1.7545717495299999	1.7545717495299999	4.7290380586299996	DIAGNOSTIC_CHI2_SURFACE_ONLY_NOT_FULL_LIKELIHOOD	NO	NO	NO	NO	NO	NO	NO
STRATEGY_AB_BAO_2X2_DIAGNOSTIC_81_GRID_SOURCE_CANDIDATE_V1	REAL_DERIVED_FROZEN_STATIC_DIAGNOSTIC_SOURCE	[redacted-local-source-root]	[redacted-local-source-root]	[redacted-local-source-root]	70	8	7	1.5	1.0	model_DM_over_rd	model_DH_over_rd	17.981801952486258	20.452792424007036	4.2798549320731176	diagnostic_surface	BAO_2X2_DIAGNOSTIC_CHI2_SURFACE_ONLY	17.649999999999999	19.77	0.33180195248625921	0.68279242400703666	11.6279311211	1.7545717495299999	1.7545717495299999	4.7290380586299996	DIAGNOSTIC_CHI2_SURFACE_ONLY_NOT_FULL_LIKELIHOOD	NO	NO	NO	NO	NO	NO	NO
STRATEGY_AB_BAO_2X2_DIAGNOSTIC_81_GRID_SOURCE_CANDIDATE_V1	REAL_DERIVED_FROZEN_STATIC_DIAGNOSTIC_SOURCE	[redacted-local-source-root]	[redacted-local-source-root]	[redacted-local-source-root]	71	8	8	1.5	1.5	model_DM_over_rd	model_DH_over_rd	17.981801952486258	20.689435615331167	6.3484330625802823	diagnostic_surface	BAO_2X2_DIAGNOSTIC_CHI2_SURFACE_ONLY	17.649999999999999	19.77	0.33180195248625921	0.91943561533116736	11.6279311211	1.7545717495299999	1.7545717495299999	4.7290380586299996	DIAGNOSTIC_CHI2_SURFACE_ONLY_NOT_FULL_LIKELIHOOD	NO	NO	NO	NO	NO	NO	NO
STRATEGY_AB_BAO_2X2_DIAGNOSTIC_81_GRID_SOURCE_CANDIDATE_V1	REAL_DERIVED_FROZEN_STATIC_DIAGNOSTIC_SOURCE	[redacted-local-source-root]	[redacted-local-source-root]	[redacted-local-source-root]	72	8	9	1.5	2.0	model_DM_over_rd	model_DH_over_rd	17.981801952486258	20.926078806655298	8.9466634556546616	diagnostic_surface	BAO_2X2_DIAGNOSTIC_CHI2_SURFACE_ONLY	17.649999999999999	19.77	0.33180195248625921	1.1560788066552981	11.6279311211	1.7545717495299999	1.7545717495299999	4.7290380586299996	DIAGNOSTIC_CHI2_SURFACE_ONLY_NOT_FULL_LIKELIHOOD	NO	NO	NO	NO	NO	NO	NO
STRATEGY_AB_BAO_2X2_DIAGNOSTIC_81_GRID_SOURCE_CANDIDATE_V1	REAL_DERIVED_FROZEN_STATIC_DIAGNOSTIC_SOURCE	[redacted-local-source-root]	[redacted-local-source-root]	[redacted-local-source-root]	73	9	1	2.0	-2.0	model_DM_over_rd	model_DH_over_rd	18.132715835214281	19.032933276062259	4.0300780310233169	diagnostic_surface	BAO_2X2_DIAGNOSTIC_CHI2_SURFACE_ONLY	17.649999999999999	19.77	0.48271583521428241	-0.73706672393774042	11.6279311211	1.7545717495299999	1.7545717495299999	4.7290380586299996	DIAGNOSTIC_CHI2_SURFACE_ONLY_NOT_FULL_LIKELIHOOD	NO	NO	NO	NO	NO	NO	NO
STRATEGY_AB_BAO_2X2_DIAGNOSTIC_81_GRID_SOURCE_CANDIDATE_V1	REAL_DERIVED_FROZEN_STATIC_DIAGNOSTIC_SOURCE	[redacted-local-source-root]	[redacted-local-source-root]	[redacted-local-source-root]	74	9	2	2.0	-1.5	model_DM_over_rd	model_DH_over_rd	18.132715835214281	19.26957646738639	3.0460637254412184	diagnostic_surface	BAO_2X2_DIAGNOSTIC_CHI2_SURFACE_ONLY	17.649999999999999	19.77	0.48271583521428241	-0.50042353261360972	11.6279311211	1.7545717495299999	1.7545717495299999	4.7290380586299996	DIAGNOSTIC_CHI2_SURFACE_ONLY_NOT_FULL_LIKELIHOOD	NO	NO	NO	NO	NO	NO	NO
STRATEGY_AB_BAO_2X2_DIAGNOSTIC_81_GRID_SOURCE_CANDIDATE_V1	REAL_DERIVED_FROZEN_STATIC_DIAGNOSTIC_SOURCE	[redacted-local-source-root]	[redacted-local-source-root]	[redacted-local-source-root]	75	9	3	2.0	-1.0	model_DM_over_rd	model_DH_over_rd	18.132715835214281	19.506219658710521	2.5917016824263341	diagnostic_surface	BAO_2X2_DIAGNOSTIC_CHI2_SURFACE_ONLY	17.649999999999999	19.77	0.48271583521428241	-0.26378034128947903	11.6279311211	1.7545717495299999	1.7545717495299999	4.7290380586299996	DIAGNOSTIC_CHI2_SURFACE_ONLY_NOT_FULL_LIKELIHOOD	NO	NO	NO	NO	NO	NO	NO
STRATEGY_AB_BAO_2X2_DIAGNOSTIC_81_GRID_SOURCE_CANDIDATE_V1	REAL_DERIVED_FROZEN_STATIC_DIAGNOSTIC_SOURCE	[redacted-local-source-root]	[redacted-local-source-root]	[redacted-local-source-root]	76	9	4	2.0	-0.5	model_DM_over_rd	model_DH_over_rd	18.132715835214281	19.742862850034648	2.6669919019786579	diagnostic_surface	BAO_2X2_DIAGNOSTIC_CHI2_SURFACE_ONLY	17.649999999999999	19.77	0.48271583521428241	-0.027137149965351881	11.6279311211	1.7545717495299999	1.7545717495299999	4.7290380586299996	DIAGNOSTIC_CHI2_SURFACE_ONLY_NOT_FULL_LIKELIHOOD	NO	NO	NO	NO	NO	NO	NO
STRATEGY_AB_BAO_2X2_DIAGNOSTIC_81_GRID_SOURCE_CANDIDATE_V1	REAL_DERIVED_FROZEN_STATIC_DIAGNOSTIC_SOURCE	[redacted-local-source-root]	[redacted-local-source-root]	[redacted-local-source-root]	77	9	5	2.0	0.0	model_DM_over_rd	model_DH_over_rd	18.132715835214281	19.979506041358778	3.2719343840981927	diagnostic_surface	BAO_2X2_DIAGNOSTIC_CHI2_SURFACE_ONLY	17.649999999999999	19.77	0.48271583521428241	0.20950604135877882	11.6279311211	1.7545717495299999	1.7545717495299999	4.7290380586299996	DIAGNOSTIC_CHI2_SURFACE_ONLY_NOT_FULL_LIKELIHOOD	NO	NO	NO	NO	NO	NO	NO
STRATEGY_AB_BAO_2X2_DIAGNOSTIC_81_GRID_SOURCE_CANDIDATE_V1	REAL_DERIVED_FROZEN_STATIC_DIAGNOSTIC_SOURCE	[redacted-local-source-root]	[redacted-local-source-root]	[redacted-local-source-root]	78	9	6	2.0	0.5	model_DM_over_rd	model_DH_over_rd	18.132715835214281	20.216149232682909	4.4065291287849409	diagnostic_surface	BAO_2X2_DIAGNOSTIC_CHI2_SURFACE_ONLY	17.649999999999999	19.77	0.48271583521428241	0.44614923268290951	11.6279311211	1.7545717495299999	1.7545717495299999	4.7290380586299996	DIAGNOSTIC_CHI2_SURFACE_ONLY_NOT_FULL_LIKELIHOOD	NO	NO	NO	NO	NO	NO	NO
STRATEGY_AB_BAO_2X2_DIAGNOSTIC_81_GRID_SOURCE_CANDIDATE_V1	REAL_DERIVED_FROZEN_STATIC_DIAGNOSTIC_SOURCE	[redacted-local-source-root]	[redacted-local-source-root]	[redacted-local-source-root]	79	9	7	2.0	1.0	model_DM_over_rd	model_DH_over_rd	18.132715835214281	20.452792424007036	6.0707761360388748	diagnostic_surface	BAO_2X2_DIAGNOSTIC_CHI2_SURFACE_ONLY	17.649999999999999	19.77	0.48271583521428241	0.68279242400703666	11.6279311211	1.7545717495299999	1.7545717495299999	4.7290380586299996	DIAGNOSTIC_CHI2_SURFACE_ONLY_NOT_FULL_LIKELIHOOD	NO	NO	NO	NO	NO	NO	NO
STRATEGY_AB_BAO_2X2_DIAGNOSTIC_81_GRID_SOURCE_CANDIDATE_V1	REAL_DERIVED_FROZEN_STATIC_DIAGNOSTIC_SOURCE	[redacted-local-source-root]	[redacted-local-source-root]	[redacted-local-source-root]	80	9	8	2.0	1.5	model_DM_over_rd	model_DH_over_rd	18.132715835214281	20.689435615331167	8.2646754058600429	diagnostic_surface	BAO_2X2_DIAGNOSTIC_CHI2_SURFACE_ONLY	17.649999999999999	19.77	0.48271583521428241	0.91943561533116736	11.6279311211	1.7545717495299999	1.7545717495299999	4.7290380586299996	DIAGNOSTIC_CHI2_SURFACE_ONLY_NOT_FULL_LIKELIHOOD	NO	NO	NO	NO	NO	NO	NO
STRATEGY_AB_BAO_2X2_DIAGNOSTIC_81_GRID_SOURCE_CANDIDATE_V1	REAL_DERIVED_FROZEN_STATIC_DIAGNOSTIC_SOURCE	[redacted-local-source-root]	[redacted-local-source-root]	[redacted-local-source-root]	81	9	9	2.0	2.0	model_DM_over_rd	model_DH_over_rd	18.132715835214281	20.926078806655298	10.988226938248424	diagnostic_surface	BAO_2X2_DIAGNOSTIC_CHI2_SURFACE_ONLY	17.649999999999999	19.77	0.48271583521428241	1.1560788066552981	11.6279311211	1.7545717495299999	1.7545717495299999	4.7290380586299996	DIAGNOSTIC_CHI2_SURFACE_ONLY_NOT_FULL_LIKELIHOOD	NO	NO	NO	NO	NO	NO	NO
