kind	name	parent	start_line	end_line	line_count	decorator_count	argument_count	source_sha256
function	dom_safe_json_box	<module>	25	39	15	0	2	dbc03fbe8a961fad16d29d1da4d94a913173ab5120e295a47a90d594b0ef5b1c
function	_dti_arrow_safe_df_v1	<module>	43	105	63	0	0	21270c46569bc26bf6e8747fa1ae92b03363a3549b63341bd53202fbaba8c8fd
function	_dti_arrow_safe_df_v1	<module>	109	131	23	0	1	a05104aed6425407b1979d31e26c9f898b8b5bcaeccca63db2ace31ffeadabf0
function	_dti_readme_text_v3_safe	<module>	146	158	13	0	0	8569ce22bb7312929a6a79de3179cd9f65d6a56bd58ee5ddad7c8bf9f64abefc
function	_dti_manual_pdf_bytes_v1	<module>	164	168	5	0	0	8e44f73b375565ba5e4dec65c8d91ea764044e86e5c39ec87dad06205cfa990c
function	_dti_render_manual_pdf_download_v1	<module>	170	178	9	0	0	3a49724781e3454105555bda004367aeea1ad08d5236a7f7237ac6d60311b681
function	_dti_render_readme_download_v3_safe	<module>	180	188	9	0	0	5e2b68a4279de9c86613fb66d7c3a8bea93c823340fae568cb7074dfc724b214
function	_dti_is_8011_unavailable_error_v3_safe	<module>	190	201	12	0	1	36936ffd51ccb97bb2adee64aef546f2169b93a1f9aa4bec2b2dfde4b05c2cb5
function	_dti_show_local_probe_error_v3_safe	<module>	203	211	9	0	1	4a580c3d0d88adff3fe5117e42bee3cab59ef315b6b01a2d93a22e43ca2b27ad
function	_dti_enable_gate_notice_7abc_v1	<module>	218	237	20	0	2	4a64d3a60db1257feb8e248b97351da7e514b21b13f12331a56bbe5c34dd1540
function	_dti_endpoint_base_url_v2	<module>	251	261	11	0	1	6d2af90bb909e7b19e13ae5d5fcee48ee767cc9aaf37eea564e90a4793109b43
function	_dti_warmup_urls_for_endpoint_v2	<module>	263	271	9	0	1	a856eb947d5de9ab80564122ce45c5dbf0f611680cc5c1b837eda8e1f35832a8
function	_dti_warmup_public_api_v2	<module>	273	295	23	0	2	dcab3db82100e406d78735f35ed09ced0614f09751119d5448186bdaad6f0029
function	_dti_cached_post_json_endpoint_v2	<module>	298	339	42	1	4	da462a4bdccc9ad12405749f61bbfd38cc72f1e0408245bd8bf635767245a548
function	_dti_post_json_endpoint_cached_or_uncached_v2	<module>	341	381	41	0	5	da9fa0c3a6b8639b69ab5b8f4c6434952a01fe58078397935e07fc9e6e1a243b
function	_dti_render_positive_answer_navigator_v2	<module>	397	495	99	0	0	8c471564e779492878205305e7715cc123d2414f9e9f7f6d7412d9454e24c8c3
function	_dti_render_research_motivation_layer_v1	<module>	509	589	81	0	0	9134bdf248c278784f13bba633252aa294dea989bbba9ca764f44155575aecd1
function	_dti_render_research_opportunity_engine_v1d	<module>	600	712	113	0	0	44c992b9270e28b5d94c39439a4a0996cf61068d838573101ca30eb875455d2f
function	_dti_discovery_score_level_v1e	<module>	724	737	14	0	1	d1696ad6422c4b094dc9629bcef2ada3803ca462203a44172c52bd09f538e897
function	_dti_render_discovery_score_panel_v1e	<module>	739	923	185	0	0	15345d6d2b17e7e776b1f882f976969cbf6fe426255e454826b9c05274d27b4a
function	_dti_parameter_quality_label_v1f	<module>	935	948	14	0	1	9ff84c9c8b18eaa6b3bc24c94ce3adbbfcb6a774caf2067c46ebff039b9465ec
function	_dti_parameter_quality_score_v1f	<module>	950	955	6	0	4	0a9c5ba92bd756b73f68dd7f4da973f5712722d269322e3a507b561986a8cba7
function	_dti_parameter_quality_style_v1f	<module>	957	969	13	0	1	b63a7010a27201d92bf537d8382606f55c271d59070a317d555727ec3a72dd3e
function	_dti_render_parameter_quality_matrix_v1f	<module>	971	1145	175	0	0	90902a7e68ec171db0d18f9474e0fbdd53d7659a3222c9342a24ec245461e754
function	_dti_pqm_v1g_session_value	<module>	1159	1196	38	0	2	74ff55f17bb68244e7e34106a1fb3a57d26d2bf7f40fdcd901ebd8225e93d658
function	_dti_pqm_v1g_quality_label	<module>	1198	1211	14	0	1	b6e82915774b3af5801b2846eae875bb7a967b468579a2af1b65344835c51a13
function	_dti_pqm_v1g_badge_text	<module>	1213	1221	9	0	1	9e55eaf8af817558d2c848bef462e88fcd186815707a842bde62ea817173e2c2
function	_dti_pqm_v1g_badge_html	<module>	1223	1237	15	0	1	354d24e2770b648a90a3afad182cea011491488b58d923cdb084d5c908606757
function	_dti_pqm_v1g_score	<module>	1239	1244	6	0	4	06d9d6ee5ec8e5927c265012208934a914bdc3b440c1841d649dfc73c25b65e8
function	_dti_pqm_v1g_styler	<module>	1246	1273	28	0	1	3bde63d42437b75c93a61b5dc06a63f63cfbd669a51f8f280b27dc3b93c393a2
function	style_row	_dti_pqm_v1g_styler	1247	1269	23	0	1	94f020b221b6c7ae4065de5d67914c48a119ea4c0a84d1740e6d1817e833f368
function	_dti_render_parameter_quality_matrix_v1g	<module>	1275	1511	237	0	0	e5b4ce1cf6068ed1c63d36d231b1e7da515bab3fcceddd0fd51be285babce688
function	_dti_parameter_quality_badge_v1g	<module>	1523	1536	14	0	1	9d5bebb8978c4b5204ddd1acca2eff728160d59b2918b137e5b2d33c3c6de48a
function	_dti_parameter_quality_badge_style_v1g	<module>	1538	1550	13	0	1	1ea8917fd929d805ecce3584a1d79a835b5677f50f870c872f0a65f03fc3accd
function	_dti_parameter_quality_row_style_v1g	<module>	1552	1588	37	0	1	cbac7fd274fe16418bdb5245aebd521b9c8be1ef2b0675bb07d15e00d16c1704
function	_dti_render_color_meaning_v1g	<module>	1590	1650	61	0	0	e1a7d2e46ba3daf7fa1fd6a99ae87a21966691594e6c10e26659980f7f76246f
function	_dti_render_parameter_quality_matrix_v1g	<module>	1652	1873	222	0	0	b7e13ff6592e3a884d574b1a95c4cc2527c9572de7fdd1f2e5a6b346db2b524d
function	_dti_probe_value_label_v1	<module>	1887	1900	14	0	1	ebc827d806221863c89f9998243beb92f60864c38ec1da8dd79f6da5286a9546
function	_dti_probe_score_v1	<module>	1902	1907	6	0	4	73c09f433c3438f1beb659faf12ac5fc56ee8bc011bbc7f275a95eea04b1b31d
function	_dti_render_probe_result_value_matrix_v1	<module>	1909	2138	230	0	0	fbc08ab659dc051f2b3a4d36fbd385f330e9da29ef850873da95ca9d1200640e
function	style_probe_value_matrix_v1	_dti_render_probe_result_value_matrix_v1	2038	2052	15	0	1	b97e06f548b709dd4d5777590160eb6cb4fe99fe34730f4aa475bc40ae90617a
function	cell_style	_dti_render_probe_result_value_matrix_v1.style_probe_value_matrix_v1	2039	2051	13	0	1	40692fe097de77a364ca65b072170b7a2f3839d74c44b270fa6bf195587e4ffd
function	_dti_readout_card_detail_rows_v1b	<module>	2153	2235	83	0	0	2bafaf28480427c57f905e516a8becb7f3a0ee31189d754b09ad643c52cdf604
function	_dti_render_one_readout_detail_v1b	<module>	2237	2255	19	0	1	ac7210d638e80d41d43b5e44cfefaba7872cb595affa31922bb6cc7bd6d8a3aa
function	_dti_render_readout_card_detail_guide_v1b	<module>	2257	2290	34	0	0	0155bb552235025d577f0bde5ce7587876478c888e4f0599452502f7f1ec5b40
function	_dti_render_visitor_quick_guide_v1	<module>	2301	2389	89	0	0	5df8e940d69678d79235cb97e03d0ae70197aa717747b1e35ab198e791ef8a7c
function	_dti_probe_v2_as_text	<module>	2402	2416	15	0	2	d8e10b0a9c338af79992463c8754e72725f514ef5eed572e6cc22f3d3fbf0e5d
function	_dti_probe_v2_collect_session_hits	<module>	2418	2444	27	0	1	8b1ef3abaa3e8fcfdc44884ff42b65a556f28d895952294e6563edd858335fdc
function	_dti_probe_v2_status_from_hits	<module>	2446	2533	88	0	2	5ae33d39a5df4cfc161fa0a739e25f0bb73c6f7f0160030f60e4f4acfbe0481a
function	_dti_probe_v2_badge_color	<module>	2535	2545	11	0	1	dbf74f4480d27b91eb6b3dfff8451ffbe7394a8deb3feca6e7f4c5bbb04e2ad9
function	_dti_render_probe_result_value_matrix_v2	<module>	2547	2648	102	0	0	9e1012d407577577daa74f471c98490931811febbe079813f0fa0eaa386ca065
function	_dti_parameter_quality_badge_v1h	<module>	2661	2674	14	0	1	0d7ac4faf15c85ad7bc3842a2b04d2f55440bc30e3e36b2f75637cc6d9f64486
function	_dti_parameter_quality_score_v1h	<module>	2676	2681	6	0	4	63084e49f45b1214f922e8c4b74e361e3a568c3e1833f4322e338784e5ec4267
function	_dti_parameter_quality_badge_style_v1h	<module>	2683	2704	22	0	1	7908a7be0ffd72fc47cf70aae8625b28be811a49297331be543f235bd32950b0
function	_dti_render_parameter_quality_matrix_v1h	<module>	2706	2991	286	0	0	e420438b852cad0ab06082272ba1d306e8c00893c0921f0ef44d37eb01119308
function	_dti_get_public_fixed_example_endpoint_v1	<module>	3003	3019	17	0	0	3a92ba8813ce3e8d1d9926f961dd7c2e3f31ca5e547b7e3873d6b01e6c92d615
function	_dti_default_7a_fixed_example_endpoint_public_local_v1	<module>	3021	3025	5	0	0	0b7936c1dab9e563e42ad129cb30279402438ac1e5478023bf7c121c17722877
function	_dti_is_public_7a_endpoint_configured_v1	<module>	3027	3028	2	0	0	e2f0a2659fbd94cdd425bbacee74afbc80fc909bd042ee4f6890b64e2873f953
function	_dti_7a_endpoint_mode_notice_v1	<module>	3030	3042	13	0	0	763e4289a0926f52ae906b981219a0b5d7847580dfdab234fe030166fa761d48
function	_dti_get_public_live_vanilla_endpoint_v1	<module>	3053	3069	17	0	0	dae8808d008fc49758a5eab375dab03dd4cf924b871f71bf712390dfbab9f7e4
function	_dti_default_7b_live_endpoint_public_local_v1	<module>	3071	3075	5	0	0	68e96a54da7b7cf46d05789ff183f67a09e091fb24686e242d897f73762c0a40
function	_dti_is_public_7b_endpoint_configured_v1	<module>	3077	3078	2	0	0	ae684f5128f98d3f9bb793d7e7875bca37d3c4b1ad2d820433a09d16cf8533d4
function	_dti_7b_endpoint_mode_notice_v1	<module>	3080	3092	13	0	0	735c04efa8c53c923b3d35a104845edd9a3119cf7c88a7fe793ec100bbfe2ae6
function	_dti_default_7b_live_endpoint_widget_only_v1	<module>	3098	3099	2	0	0	f604346ad548e8742767c412f165acdf9e657906102e20e19eae0d8a2519e597
function	_dti_normalize_7b_live_endpoint_widget_only_v1	<module>	3101	3105	5	0	1	b2707bdf83206e26f5d13f2299ce56531b181d3baf9e4f781fa21f9bde2fa0c0
function	_dti_is_disabled_endpoint_for_7b_run_v1	<module>	3112	3128	17	0	1	3249b87ca19c27b86d8cd6ae79ba0bd36b64617341de167f09ea752ba12ebd4a
function	_dti_7b_run_disabled_notice_v1	<module>	3130	3136	7	0	0	90f1bdf90c762702db9107508070ae580284f71bcfabac0e5cd703303d809b0a
function	_dti_noop_context_v1	<module>	3148	3149	2	0	0	4a7ee7c9db25e48b8b74230da932e328d5b3eb749013ba16f0b70d9fdc99940d
function	_dti_local_endpoint_disabled_notice_v1	<module>	3162	3166	5	0	1	224f3ff3d17f65f23623e1b492c5b481f79a898ae54b3de89a2bbe877cb966a6
function	_dti_is_disabled_endpoint_literal_v1	<module>	3168	3181	14	0	1	346381eafaf60838fecc06d11f0101a7f47dafe64ecc29f5fd77d87f26404136
function	_dti_boundary_readonly_caption_v1	<module>	3183	3187	5	0	0	a270dcb166b91eea28ec42df0d23becb43b35e5a5d186c78a0ca85ecbac25f2d
function	_dti_param_table_rows_v1	<module>	3283	3292	10	0	3	f924e91bba976fe4f25b7394ef75c229eac01dff440370efcd238ad17223092d
function	_dti_apply_param_table_rows_v1	<module>	3294	3311	18	0	2	4e9b30dd54a7fa0d89cd09130b1dbd28433b45037b6cc506b7fd3daccb4c7a51
function	_dti_render_param_table_editor_v1	<module>	3313	3344	32	0	4	b78cc54f0aef50b7d884f95bbbda24743cdde52ae3fcac241fd6f4b42804c76d
function	_dti_compact_number_input_row_v1	<module>	3347	3366	20	0	3	e81d822f1eaad4521379c4c39a2e99d14e55482a8ed1ea78cc9fbc68246b8ae4
function	_dti_render_compact_param_rows_v1	<module>	3368	3375	8	0	3	c4ee89ccf5fab4de545a749f3bb5d4f965beebd93885f096281fc02caa23ad59
function	_dti_extract_profile_text_from_preset_obj_v1	<module>	3390	3416	27	0	1	6abe7278c8f39d4602b6b10f3c2957ab2d9d45232f677fbc9b5bb8981e5475e3
function	_dti_build_sidebar_preset_values_from_PRESETS_v1	<module>	3418	3500	83	0	0	47369f7781c4cd2e3064f71dc0ee0bac06390a2258362b72fd4c6f93426a4ed9
function	_dti_parse_profile_text_block_v1	<module>	3504	3540	37	0	1	75339d620563cbc7b34f3d40922182e7e983d3b951ee0dd67ca4ec42bf33a07a
function	_dti_dynamic_preset_values_v1	<module>	3542	3579	38	0	0	8e7bf9db806b617852075ab2f84c6c8a25be55c0626642b5750ef33e43bc4b7e
function	_dti_ui_preset_values_current_v1	<module>	3581	3588	8	0	0	131f7a627cb1f47873b4bcf7eaea80ce95f033922aaebabe868cbe044995a871
function	_dti_safe_preset_name_v1	<module>	3590	3595	6	0	2	2a956e8b5197929d0312c7185d87ca0683136f4ccc4658caf8000d931a09a484
function	_dti_sidebar_candidate_reference_form_v2	<module>	3597	3671	75	0	0	1fd230cb5afa47b83c4597a0971ff3214bfd8cf69deb4adff2d76acfc10dea44
function	_dti_ui_float_v1	<module>	3793	3799	7	0	2	a9a3cef44dfd678a8de1458c4e2f165d0016e19dca98e02504fc4ba2851e195f
function	_dti_ui_get_profile_values_v1	<module>	3801	3806	6	0	2	e3bb8eaec379cd85bedf30b17af7b9a646bbe2ede4616fcfabe9ba29ca3e65a0
function	_dti_ui_profile_diff_rows_v1	<module>	3808	3824	17	0	2	d12bb27f6af01cfe9023a1cc79719cf84923287206be6b652a7203deb1929f34
function	_dti_ui_sync_existing_keys_v1	<module>	3826	3857	32	0	2	6b525c0ef880c64ae9c5d20e31c04761bf1891e0445ba4072a5406c5b5af8687
function	_dti_sidebar_candidate_reference_form_v2	<module>	3859	3917	59	0	0	90fb7180fb0bcf82582a71bd6a40d86273cc2cdff68aa4f3cd7161a391d17c11
function	_dti_main_candidate_reference_panel_v1	<module>	3919	3980	62	0	0	bf6f9ca6c7082ef2dcdebfde5e634ea57581820a6db3435516ec5adce97b0373
function	_DTI_DISABLED_GRAPH_CALL	<module>	3993	3994	2	0	0	76a67c6735b9e35443eb2db85d73c93e3314d613ef0a3418443de969ae19301e
function	_DTI_TEXT_IS_HIDDEN_VISUAL_V1	<module>	4022	4027	6	0	1	408f8423ede30a828416daa163223948d2275362be394120651204bf42439417
function	_DTI_MARKDOWN_FILTER_V1	<module>	4029	4034	6	0	1	96a86a9f5d6ea88d8ebc99a4ab5f79c80421b3143918eac45e54c2a5fc1d6f5e
function	_DTI_INFO_FILTER_V1	<module>	4036	4041	6	0	1	eec17ec511769edbc0e28eeab1c76ca1cdf4dc31f3babdc93c7de7381d8ec5f5
function	_DTI_CAPTION_FILTER_V1	<module>	4043	4048	6	0	1	a5dd18a98ea540ed6ca0c519b01b0172320bb141bae34c3024bfc50403e91a48
function	_DTI_BUTTON_FILTER_V1	<module>	4050	4055	6	0	1	7e31c05ea94df769683f8046c4008f363bdce8fcd5e45ed9e6d9f25de95b76e6
function	_dti_local_final_text_is_visual_noise_v1	<module>	4079	4113	35	0	1	8585bee509d921036a90b178a5b9ff3c9999cb7fc8f644c2b07b17c17cb8491d
function	_dti_silent_chart_v1	<module>	4134	4135	2	0	0	567fe90b5c50b6f3ecefb3ab1a3e70cb5fbb14de0a62bafbaf06d37f8bfdadd9
function	_dti_safe_button_v1	<module>	4137	4140	4	0	1	f94d6c082d535d4a771a2fe7884f0fc74accaaf691de4aa5181a1a717e76b1de
function	_dti_safe_text_input_v1	<module>	4142	4146	5	0	1	d247139baeac62ffc1eb25f92df036467037e87e53d0fad8e85741681bbb0505
function	_dti_safe_markdown_v1	<module>	4148	4151	4	0	1	e668be8c2652e8f13f043ba57fcb2851678d5773c0663c41348786e0cefe43ec
function	_dti_safe_info_v1	<module>	4153	4156	4	0	1	b37a422b38c102b7c74556298463ba84cd51c19d5a1cca78eedf4b8d292a1faa
function	_dti_safe_caption_v1	<module>	4158	4161	4	0	1	e9ee52912b11c4f9906917e809e03a9c2a3cba7acc90ddd0b00deb650b5164db
function	_dti_safe_write_v1	<module>	4163	4166	4	0	0	85f2331dddaedcd9b05bc152c904a22dbf93c0e27a44c64baa9ab265896b8eac
function	_dti_safe_header_v1	<module>	4168	4172	5	0	1	98631d3f2dca84d4c01573057d7911381a389e677f41494128107f0d1f7949da
function	_dti_disabled_graph_notice_final	<module>	4213	4222	10	0	0	456047c0c6a05f88a7d13eeb78954c2c9ade9997bfb73cc509db81108ec26ac3
function	_dti_silent_visual_item_final	<module>	4224	4225	2	0	0	5237e5572c60ee915194c945ed9a2501f6d2f6fc114cc705f66981de04c4aac3
function	_dti_text_should_hide_final	<module>	4245	4271	27	0	1	1debb212ff2d45dc84f9635e69ac1f5dfa101cb69522f5b4e23db17e8049db31
function	_dti_markdown_filter_final	<module>	4273	4276	4	0	1	53d43c1b1cc2b0de8d5e644cc924970760a076473886bed2b7905a01f7a744d9
function	_dti_info_filter_final	<module>	4278	4281	4	0	1	71c2fbf62f6156939d041b5701f622c5b1f0c31165feff77fc870d669b50aef5
function	_dti_caption_filter_final	<module>	4283	4286	4	0	1	4f1e81ddc6fa01f8080d58cfed2712c58cfa5d4485d680cae58bb6aae9fc3bb5
function	_dti_button_filter_final	<module>	4288	4291	4	0	1	439b21f8f42cdbe80109e48581a17ba322f850150447cd5c7389bc70ee4b1a7d
function	_dti_section8_as_text_v1	<module>	4371	4375	5	0	1	aef4ff35626378a35a08c096b9232f1b2032dd81340bb9c36614f6515ecc2049
function	_dti_section8_should_suppress_v1	<module>	4377	4379	3	0	1	0a0851af3f3b6e5c74621f3cc7191e2eee11e44782523a783184e9847b0d492f
function	_dti_section8_rewrite_text_v1	<module>	4381	4386	6	0	1	b0e6a23d97fe5901200b2cfb8a85ddd4a52be96c1cc20ce94f99d717b317e86b
function	_dti_section8_boundary_notice_v1	<module>	4388	4392	5	0	0	00eca2af3f670f37485412f87306ac08625e43008816c761443fe741bf23d296
function	_dti_section8_header_wrapper_v1	<module>	4394	4402	9	0	0	1287d7841b3e423096129d9e5faa67437474b805c7ae0feda30a6bf594d6901e
function	_dti_section8_text_wrapper_factory_v1	<module>	4404	4409	6	0	1	70ae8fce6d9d5606ebde4e95bbfb0652cde9bb7958e0091c699988991123c339
function	wrapper	_dti_section8_text_wrapper_factory_v1	4405	4408	4	0	0	70188d7b748a1bf281a1aab2e8bd6a6de8cde8f97f0921c0b5033e1cf4a738e2
class	_DTISection8DummyTabV1	<module>	4411	4415	5	0	0	287f6751a82dcd8c99fbe2a0214274d400b2382d5394110bd42dbd30bfa6a8f0
function	__enter__	_DTISection8DummyTabV1	4412	4413	2	0	1	5a571a5f1a9d6bfbd712e78ad2044c539f573df484340d1f1d7493afa025b2f5
function	__exit__	_DTISection8DummyTabV1	4414	4415	2	0	4	4d272a76afc9c844f9b61d6ff6408ab531a5abeb9b8b00d1e1d22be84f3a81eb
function	_dti_section8_tabs_wrapper_v1	<module>	4417	4428	12	0	1	1aae281da6169e854a3738ee7709d998cfecae17d9f6e335b23a8a6b8accc34f
function	_dti_disabled_graph_notice_v1	<module>	4461	4468	8	0	1	624a22fe345cd761b2d335f95a63eb665a52d42f935f7c63e3dbeb5aec2aed48
function	_dti_disabled_graph_api_v1	<module>	4470	4471	2	0	0	ee879810ae02402a2f9a1cae5096c0e768749c0e7606dcacabb1c83dbcc37783
function	_dti_disabled_8011_realtime_v1	<module>	4473	4476	4	0	0	15f7019b2ef0463553d973e8e23ec7ae2eb993764a6951474a41ce2cda874bb8
function	_dti_should_hide_visual_ui_text_v1	<module>	4532	4537	6	0	1	c99dc37f2ba55da5f23383306e3de8d234a1d81072ef140c53373b57a7473296
function	_dti_make_hidden_ui_wrapper_v1	<module>	4539	4548	10	0	1	434c08bdc9c64fefbddd7c52cfb46643846ed8d4c4e76513f60ebdeee35013cc
function	_wrapped	_dti_make_hidden_ui_wrapper_v1	4540	4547	8	0	0	f091aacee2b2c58fff917935434c5538c661cfe362f200af13c0582f7f7c1681
function	_dti_profile_category_for_model_v2b	<module>	4645	4739	95	0	1	6c9fad56ae8ba50e7e4c8b2c90f2d44f0d8f5127e6d5252ae732a47dd7ede112
function	_dti_group_profile_presets_v2b	<module>	4741	4747	7	0	1	8bd85c3f2c4f403c4f90c5ca9c229d3f97f56e573377e599ede398f536ef7822
function	_dti_render_categorized_active_profile_loader_v2b	<module>	4749	4813	65	0	2	339a5d3afd2f50beda0340fc962c1e19a4b73f9361cc57141d95a1bdebde8af3
function	_dti_profile_category_for_model_v1_safe_fixindent	<module>	4852	5011	160	0	1	8ac5571709d7e232dda816d6ffbcd8e13699aa9d6f8d2d1e3f5053c85ad84658
function	_dti_profile_role_for_model_v1_safe_fixindent	<module>	5013	5026	14	0	1	10f1abd88cadadd67851ad26c81eef80e6b816b2d9eab3060aa510d87e9e31fd
function	_dti_build_profile_category_map_v1_safe_fixindent	<module>	5028	5039	12	0	1	38200da6790307ea2a22b922b43f0d5c0d0c1d216cbfb9f2c88857cfc14d6f59
function	_dti_render_profile_category_guide_v1_safe_fixindent	<module>	5041	5159	119	0	1	4b4328e76f2d913ace22ca68062ec4a797769cf63613d0e3296561b99a729063
function	_dti_profile_category_preview_models_v1e	<module>	5179	5189	11	0	3	ee607ec46ce3188aa24dd17380ce3c8e9565983d47c5afb2902bf71b6f401c1f
function	_dti_parse_target_model_for_correlated_boundary_v1b	<module>	5202	5247	46	0	1	6302af22f5a4239dff69ca1397f64f96bc6eecfe9f1993440e468b3f06b47b58
function	_dti_float_v1	<module>	5257	5263	7	0	2	8e45bd18ea6612828d7b6243e0f9a8c8b3087d3dc3a4b3ad8bfedb7e68c8fd07
function	_dti_correlated_boundary_score_v1	<module>	5265	5333	69	0	4	840b34bdefa1232fc3eef48f6a1686d924d8c043cf7076203fa941f68b3922bf
function	_dti_render_fixed_h0_bao_r1_static_audit_v1	<module>	5336	5512	177	0	0	f5efbc2d2b4b5cb81d609ecdc42fd86360fd335189f2763157512a492da7ef85
function	_dti_render_correlated_boundary_triage_v1	<module>	5516	5518	3	0	0	13e1675dc58ce06a5cf5ebbc8e86a25ce99b710f36e7cf75b442e3d80bc72dac
function	_dti_read_static_delta_table_v1	<module>	5658	5677	20	0	0	29850d9bb517905be3a1e17be9279a43c81e461425b2c9fe601553d42de1b98c
function	_dti_render_static_delta_audit_table_v1	<module>	5679	5762	84	0	0	e0e7dbb432fb4e107bd6a46f4ce850aee9d851eb285f4659a9f5aa4ef1711fcb
function	_dti_static_delta_table_compact_v1b	<module>	5770	5806	37	0	1	ac438568399ecaf6cf625dcdc38c09ddad2708136c339c0ebc34ada4a0249368
function	_dti_vanilla_display_value_v1	<module>	5819	5829	11	0	1	fd4498f2c4bf1500750edf73975e46ac574588e3884d3a3c3b7c66f292059c5b
function	_dti_vanilla_payload_rows_v1	<module>	5831	5837	7	0	1	0ce1aa9783d4b9150789ecc3f946c57d8761ca699879ad6b9992c3fa25daefc2
function	_dti_vanilla_result_rows_v1	<module>	5839	5860	22	0	1	98f2144fb4e644637013df1ffd82a2d2cfac9daf65da754d1f21dc2cbbff7b61
function	_dti_render_vanilla_probe_input_display_v1	<module>	5862	5873	12	0	1	e9c41004e7724e75ecb2d282937206c624e4003d4f76fe5464da36cbbc2bcce6
function	_dti_render_vanilla_api_result_display_v1	<module>	5875	5905	31	0	3	1434d74da6d75a006e5c5e15318e6400dec73b257bdb17492059bd98b389587f
function	_dti_render_parameter_definition_source_table_v1	<module>	5921	6044	124	0	0	0d85d6b47baf17bfae308cc61eaf2037facc8b29101a9a29542132777b740eb6
function	_render_woc_chain_metadata_table_v1	<module>	6048	6133	86	0	0	fc328c0f704878e890444352297cbcc46744b7011edb4bbbdf7794b2ef09970d
function	_render_bao_vector_covariance_source_lock_table_v1	<module>	6143	6267	125	0	0	88381f2de0c81834fdc5610f4753729def9bf85754728f1cfb86d38685c497ba
function	_dti_render_cc_data_provenance_table_v1	<module>	6271	6411	141	0	0	e1a92fc810bba9a1bc8e1824890247c00e6161fbe39c6aadd87a9c465b25d128
function	_dti_render_moresco2016_bc03_cc_visual_overlay_v1	<module>	6464	7003	540	0	1	7585f8b091ad08434685a9959c34038e9a847d94006401cf60183a38386902cd
function	_dti_moresco2016_validate_model_grid_v1	_dti_render_moresco2016_bc03_cc_visual_overlay_v1	6501	6516	16	0	2	d7f7062448dc31fd2f50cafe4f79fa493e2d089f19d32a0ca74df5280551e622
function	_dti_moresco2016_linear_interp_v1	_dti_render_moresco2016_bc03_cc_visual_overlay_v1	6518	6534	17	0	3	37f0d7773a4797c2d98e12ce6d171fdefa0c400340ff0d6cb3dbe362cc157b38
function	_dti_moresco2016_find_app_side_hz_grid_v1	_dti_render_moresco2016_bc03_cc_visual_overlay_v1	6536	6597	62	0	1	0e2d41456051ce4f6132b7d47f29325490bbb25bde94dbf2a091da79c84c2811
function	_dti_as_float_array_v1	_dti_render_moresco2016_bc03_cc_visual_overlay_v1._dti_moresco2016_find_app_side_hz_grid_v1	6538	6547	10	0	1	658e323bc18eb3f8bd32204b3b3a2f655a8bfc45ac88ac5510b1819216f289e1
function	_dti_normalize_grid_v1	_dti_render_moresco2016_bc03_cc_visual_overlay_v1._dti_moresco2016_find_app_side_hz_grid_v1	6549	6563	15	0	2	1976fc73eb1d56e00cdb219a56a3d89ea5f926791726198c1cfafc9298567d00
function	_dti_moresco2016_compute_local_diag_chi2_like_v1	_dti_render_moresco2016_bc03_cc_visual_overlay_v1	6599	6639	41	0	2	ee410426b19500725174dd3b4af7b8282ac16e538bf9f98c867c235e7e1e1b04
function	_dti_runtime_diag_array_summary_v1	_dti_render_moresco2016_bc03_cc_visual_overlay_v1	6913	6929	17	0	1	d508b1cd216c852fbecee54d747e9384af9584bf0faab62891fbed027c40e493
function	_dti_bggeom_json_safe_v6e	<module>	7012	7029	18	0	1	b01ba61e5fa60e94ace74d75e48ba0eb644a851ff72d5828419936de5bd8b8da
function	_dti_bggeom_render_raw_data_v6e	<module>	7031	7042	12	0	1	2a94877f1e90d4687153c46c223d73d4f8f1b670bf194890caa7713fc14cbc60
function	_dti_bggeom_E_v1	<module>	7057	7063	7	0	3	b8d79d5a739ef74e0b8fe68dcbfffcd606685b6eaaf38db983b8d05758931faa
function	_dti_bggeom_integrate_simpson_v1	<module>	7065	7088	24	0	4	1ececeb70574bdeaaafc1a5aa1fb96821b6953091d17563d590112a2130a83f5
function	_dti_bggeom_compute_v1	<module>	7090	7181	92	0	4	172f1e6ebf2c87d5e1a13e1b6e232333d5d4579c6445377c4893a2972044dd2f
function	inv_E	_dti_bggeom_compute_v1	7101	7103	3	0	1	9ac276d2521a5561c4b0b14dc6f81cd918a48214d898bf75f0cbd74b6810b650
function	inv_age_integrand_y	_dti_bggeom_compute_v1	7109	7112	4	0	1	0b849e0f6842616e31fa5f0d2d92bd551991f62d20d788a60b2070b697919791
function	_dti_bggeom_rows_v1	<module>	7183	7195	13	0	2	b86be5a5151559ee5369d52964449ff91c0979ac1afc251812c9d5b1567337a1
function	_dti_render_background_geometry_anchor_v1	<module>	7197	7276	80	0	0	5bdba1f529bced233ccb6ca7099f1cee038fe509a6ca3c4b1cc057e2507392ec
function	_dti_bggeom_E_jump_toy_v1b	<module>	7286	7304	19	0	6	9387a71888176f1e0a82dc35624786f49577af94d58cf15efcc92fd3294aedef
function	_dti_bggeom_compute_jump_toy_v1b	<module>	7306	7402	97	0	7	343fb34033f371294c19cb85efc190d49b179ad2ce68ee60db49aea78d70e225
function	E_jump	_dti_bggeom_compute_jump_toy_v1b	7327	7328	2	0	1	f2e31a13ead9ef55047b229191c138d8f5855fe36ea99b356991529f8b9b7cf9
function	inv_E	_dti_bggeom_compute_jump_toy_v1b	7330	7334	5	0	1	ac881e9d6feb7029a91227bb7f3d16de18f7fc8a9c42c52edcc934dae43260c5
function	inv_age_y	_dti_bggeom_compute_jump_toy_v1b	7336	7341	6	0	1	f13e25de11d8ad3e982d045331ab83c85c10b44ddf6bbc6e4a7c841ab2818ad6
function	_dti_bggeom_jump_delta_rows_v1b	<module>	7404	7442	39	0	2	18c959dcfaebfbb74369eb81d53e0755c53ddec5e31cfd3c3a6c4df1064f8a58
function	_dti_bggeom_jump_graph_rows_v1b	<module>	7444	7482	39	0	7	9efdf2fe0538584e647148662d81dfdf37dab391e6555116149577e40a7ca83f
function	_dti_render_background_geometry_jump_toy_v1b	<module>	7484	7612	129	0	4	114c1466ac9843f691c3ff9fd5dac9816e18b33f7bd52997600c5426d4ee29d7
function	_dti_bggeom_json_safe_v6e	<module>	7629	7646	18	0	1	251afa1da89989eadba587da16f559f7cfc24e12232f3eaefb31d8a7d8c8355b
function	_dti_bggeom_render_raw_data_v6e	<module>	7648	7659	12	0	1	2a94877f1e90d4687153c46c223d73d4f8f1b670bf194890caa7713fc14cbc60
function	_dti_bggeom_svg_chart_v6i2	<module>	7671	7805	135	0	4	911534e7d5a811b5d3cecab8ce9b9f22f7bbf025159b27b01d4623804250e546
function	sx	_dti_bggeom_svg_chart_v6i2	7742	7743	2	0	1	f5bdf035f6a7a686d88cd0c0acb895bdf946e9173452fe47bd5a1e4c82c7416f
function	sy	_dti_bggeom_svg_chart_v6i2	7745	7746	2	0	1	63fa80b3146dcacf337b5c40303ee3ac3d8113575745960deff9451da5f067f0
function	_dti_bggeom_graph_grid_v1	<module>	7816	7855	40	0	4	fb7c0776a2b40cf4fe85c9a3963eacd499c0b4578f1c6247f111172d7ec08cca
function	_dti_render_background_geometry_graph_v1	<module>	7857	7909	53	0	4	a4eeb22674f71190d5326585868bc51639682c7c3fd50afbb3045faccb2e49dd
function	_dti_render_global_claim_limits_audit_boundary_v1	<module>	7937	7982	46	0	0	c753f205ea053ff9341a00a2ec3d963647e5c7917362a1a98a58c31084294591
function	_dti_panel_note_v1	<module>	7984	7985	2	0	1	ede633f10f3f2576092b2952c3c6cad345250bb0db78c612149776b1e39bde0a
function	_dti_legacy_detail_expander_v2b	<module>	7996	7997	2	0	1	43a7b6cffc5d14b6f4680ea8066f7066b21a09ce32df0a3414ff8a009354834c
function	_dti_7c_display_value_v1	<module>	8010	8020	11	0	1	bcc6db735e0c14a463abfd16ac34ca92edc229ad9e72842a6c0ef07883f5c4b3
function	_dti_7c_dict_rows_v1	<module>	8022	8039	18	0	2	fedde38f59a660fd41553a28087615c32019b25a7e18965e57c568efedfe54a9
function	_dti_render_7c_examiner_payload_display_v1	<module>	8041	8104	64	0	1	ae483bab66400b789f0b091ab3a3bc111b72a5d98da22fd7faba1cd3ee8aa652
function	_dti_7c_verdict_display_value_v1	<module>	8115	8125	11	0	1	ab1a1e43e51ce9cf604df7c64723eae8da9f1c7cbb33ec59b3d8297507c10d99
function	_dti_7c_dict_rows_v1	<module>	8127	8134	8	0	2	6a6d4e9e67e46a95c9af1be17f05b5b0ccdf2b05ea2ad3b951413a2d63e76543
function	_dti_render_7c_examiner_verdict_record_v1	<module>	8136	8187	52	0	1	ac6d22459759345eee465a14db1b34257fd4a80e00613c087f28a7e0fcb25518
function	profile_row_to_preset_text_v606	<module>	8423	8452	30	0	1	dd382fcad2d31cbe80e586994a7a41def4111f53f3b756db0b05f8b1dd7c6b74
function	val	profile_row_to_preset_text_v606	8428	8432	5	0	1	ae9dbf0f1ba3271ccbaa9e196590786239c6282a7c4360b888f84e8afdcc95d1
function	load_profile_presets_v606	<module>	8454	8478	25	0	0	c088b7a5dc7849f2702298ca8ffb39e03b47de99da7f6123de738ece9be1109f
function	clean_text	<module>	8595	8604	10	0	1	342d6d3fbb18ca87b8a1fef3ae68a2e76d3026b82f092f85022119a0457632b2
function	to_float_or_nan	<module>	8607	8618	12	0	1	272859d1be0b28c7b22e8a8fc6b4b26e9c73a943af4f51b36723f8aef73b4396
function	parse_blocks	<module>	8621	8680	60	0	1	c535a11f8816d280ee552079d7791378de393c7d250899e5c6c0205faf922387
function	flush	parse_blocks	8628	8632	5	0	0	8c3680adffadf1ffb56c248c64ea8de88602df34df942a3d8cefb439ca3aae5f
function	first_block_dict	<module>	8683	8690	8	0	2	73d11e5e002baaf2e062e09604fb90d6b9e1446dd0478f4f17b96e751b3a1b75
function	calc_delta_table	<module>	8693	8713	21	0	1	3acadd7012fd443208ea05802ca0914f736aecd1521b73ffebf44af220239c77
function	model_vector_from_target	<module>	8716	8726	11	0	1	aee1b8920feb5ded7cfee730ff07a4b1df4d8887aa62e94eb9f138cc171222e3
function	similarity_search	<module>	8729	8761	33	0	1	b54e4b551dc32eb67a8dd5f08008a37374ac8db223e162dacb0639e9ca8e569c
function	safety_class_for_param	<module>	8764	8821	58	0	3	af384c85d22730a99837af3085146cce44d47866f9c97422683d180518c6671b
function	badge_html	<module>	8824	8832	9	0	2	363f3db75df5892f7cc7d0ab3966e310079ba986921acba1ce8b6c97f9ddaac4
function	card	<module>	8835	8849	15	0	4	df39463a2850c18f3fbe4d9fed924cf5586f3cbfa12d9fbf14a53a00ba2c1f88
function	load_axiclass_results	<module>	8852	8858	7	0	0	82272466277a6efd436d8bbd3c614dab780cb1c29ebf80a4b063cb0ecfeb387e
function	load_axiclass_delta	<module>	8861	8867	7	0	0	6beadf941d77ea5d96862af5327e058e8600c32b70867eb190eac0f9f640b964
function	compute_background_proxy	<module>	8870	8957	88	0	5	d4454f6dfa0ca7129484da6b2c9c043f0bea2391152920cf71d84816e3554a1f
function	derivs	compute_background_proxy	8882	8904	23	0	2	711e3d9d3a27099c2a2039e83e5ae1ce33e3379ed301cad0d3498ad6026bdce7
function	run_live_class_lcdm_like	<module>	8960	8995	36	0	5	1e47ec50b20642ba3d4a46cd86eb1f950894ed177cb0cff79b0fedabc65113b7
function	init_session	<module>	8998	9028	31	0	0	ceaf689ec761b00af435509f942ae91318762bca865eba6176dcafff36dd7932
function	apply_pending_paper_text	<module>	9031	9036	6	0	0	cd7e9683f268a7c14b28fdf861292a06a5e09e5a9299a56bb51ae3c92619fc94
function	sync_form_from_text	<module>	9039	9075	37	0	0	cb34b686fd826c5851e5f84620c1fbbc9b0f972bcd4bb7140b9851231ee54f7c
function	form_to_text	<module>	9078	9100	23	0	0	1af97993e795773efe64d90b62d7d953876fc02cccd377a5d842e06519839c4d
function	ensure_paper_text_state	<module>	9104	9120	17	0	0	327c8cb0f21ed97c566cad923647cde32b6c7a6ac563dcd52e81afa629beb700
function	_dti_find_nested_key_v1	<module>	9128	9145	18	0	2	d8548b0cf037d61d017da9ab7730805fd557bf343e5d3d70e24b9df9f090a930
function	_dti_value_is_array_like_v1	<module>	9148	9152	5	0	1	3e09357c809307fe712eec9d9923295f946fe4ae4917a9bcb47a2fba8320e260
function	_dti_cmb_likelihood_capability_matrix_v1	<module>	9155	9376	222	0	1	c3645bb7f168dc07544b92e8863b7cebc3abfe3ee89b79d14922e4d312b66b77
function	add_row	_dti_cmb_likelihood_capability_matrix_v1	9280	9286	7	0	4	dcb61b0ecfe5154d7c75d797533deb57b5bb08a3ea012821b872786878e182a9
function	_dti_render_cmb_likelihood_capability_matrix_v1	<module>	9379	9434	56	0	1	3706ca30887c84029f38cc3635802506e01d618d3ae8e9e2cb38dad4f5da52de
function	_dti_render_cmb_likelihood_capability_matrix_v1_no_payload	<module>	9438	9440	3	0	0	bb5e7c93a49c66b5dabd3eb2986b63d6ab05c0497c63040b06a5b9bb5f90f00a
function	_dti_summarize_large_api_arrays_v1	<module>	9450	9482	33	0	2	1ee45d721c9721a5c04ab27924f53144230d72e931e7f09023919e7d0a91e461
function	_dti_render_summarized_raw_api_payload_v1	<module>	9485	9491	7	0	1	aa6badaecd027733d5c352aca61ac6bd8c4818e0be0303248aaa8a33d2cfe4b4
function	_dti_real_cmb_array_v1	<module>	9500	9518	19	0	2	876cb5cb0472da24181d00763c4e66d6e6c533d3a1a8f694587808a072ea8627
function	_dti_real_cmb_arrays_ready_v1	<module>	9521	9535	15	0	1	e356ccdb409a7bb075fa5f1bfcf814f8431facb6f5b007a4bb33788d9fbbe9c1
function	_dti_svg_polyline_from_xy_v1	<module>	9538	9594	57	0	5	95ad20fc6003a2487ff58264cf8721865543513af4e08a52781ecf4dc3c84820
function	sx	_dti_svg_polyline_from_xy_v1	9577	9578	2	0	1	403fc9c15fc28cb900a871ec25c953f816a1ea5dffc8007f5a05616d40c9d2d3
function	sy	_dti_svg_polyline_from_xy_v1	9580	9581	2	0	1	4b77723f54346f3fb15d8b00fb91793374baba1339c7139221c4f7a65098bb59
function	_dti_render_one_cmb_svg_curve_v1	<module>	9597	9627	31	0	4	2c4018701b07fcef31539d313fe7ceec5766bb4352b966797e3f8a499da045ed
function	_dti_render_real_api_cmb_svg_graph_v1	<module>	9630	9731	102	0	1	04fdd855e4bc45bdc084830fd944178531253c16f0ffbe3d299e08ca0576a7ef
function	_dti_render_strategy_ab_proxy_emulator_activation_panel_v1	<module>	9832	9957	126	0	0	f87deeb73d496bba7b18224bba416aed4b59189abfd5e0adb00cd1bb8f38521e
function	_dti_current_readout_value_v1d	<module>	10280	10301	22	0	2	9f3342886c91da1d41c3065548bb1a1901b6690221cebb4e2fcf95971bc1dac8
function	_render_local_axiclass_fixed_example_v606	<module>	10464	10682	219	0	0	56e713460188cd660d04078af82d2c1705465fef72c8a3e293e63790ca9d71a2
function	_section8b_parse_float_from_text	<module>	10708	10727	20	0	2	9b9b45df40a24ff84eb6aa81493094e0e5921050048ab9ec32a439f7f4f5836c
function	_dti_section8_top_restricted_notice_once_v3	<module>	11084	11100	17	0	0	12be97fc8c48bc2952e1c076cecf4ae50189637297871215563ab6a000f1a088
function	_dti_section8_boundary_notice_once_v1	<module>	11109	11182	74	0	0	f423796a5b494609cf12baeb2674442babaeed7c1f34675cd03c09e4e925ada4
function	_dti_section8_no_source_data_notice_v1	<module>	11185	11200	16	0	0	7fef6473fe25589efdd4bde4f7e6f81aae4e2b3a50c19dcf10d178e8a2172a0c
function	_dti_graph_ui_v607_available_frames	<module>	11205	11262	58	0	0	1267b4f3a667f565e203cf4d6c9661c1716b10131bd9101e0b28b75f6cc16349
function	_add_frame	_dti_graph_ui_v607_available_frames	11222	11239	18	0	2	88b0699ae5aa511825b55ad4ccda6d8a13d7d20902f837e19765d867050001cf
function	_dti_graph_ui_v607_find_numeric_col	<module>	11265	11273	9	0	2	5bab174321f327957e56baee696ad1d5dae24bc055e7c6f155bc62dc6f34e09c
function	_dti_graph_ui_v607_find_frame	<module>	11276	11294	19	0	2	4aeb1e17e2ec5672d344a15a477ab6e5549400dba35007bb87a6ae43c2fbf3a6
function	_dti_graph_ui_v607_boundary_notice	<module>	11297	11303	7	0	1	1534a52197b70438c460eed337a74f80a5b9a8a75352ec0e9df419fe9c3a76ec
function	_dti_graph_ui_v607_fallback_notice	<module>	11307	11322	16	0	1	1ab1741f124fbc406631a6b5e09414b8ca583d8931db5bc8e638d11d8922d348
function	_dti_graph_ui_v607_fallback_sweep_frame	<module>	11325	11332	8	0	0	64846bc0d9937af4e3f0359e87fe6496a9a48a5a54a9ac676d0a6c9e2cbd42f3
function	_dti_graph_ui_v607_fallback_distance_frame	<module>	11335	11341	7	0	0	be1591953eee40a25544621b774186aaa632d849b44d2e55eb7a777c22ca5cb7
function	_dti_graph_ui_v607_altair_line_with_band	<module>	11344	11351	8	0	3	533111bd58eb63e224e60ddcc48f11cef7d3fb75bc01d9594b3f7b07f6177850
function	_dti_graph_ui_v607_altair_scatter	<module>	11354	11360	7	0	3	e5dac389fc98927e76306b6e3890fd1a52c7ba03eb81fc6d3bd9672ff4cafed8
function	_dti_render_section7c_visuals_v607	<module>	11363	11450	88	0	0	8fc70054b2599192d03324372ad2a8e2ce1d1a2d72844ade21b2af0c5a16f525
function	_dti_render_section8_visuals_v607	<module>	11453	11621	169	0	0	361d93aa6a7728de07b09236d7f167f3092b0e15bf1200b19e940190092992b7
function	_dti_render_section9_visuals_v607	<module>	11624	11649	26	0	0	bc9514e4c83e19e3bcb27b4fe534ad1695563dd71e1fbf65ce4b66294393de2c
function	_section7c_median	<module>	11862	11869	8	0	1	d831c020ec07bd0c78de183353bd3f38dc3de168fbd13f484b47e8e262e8855c
function	_section7c_grid	<module>	11871	11875	5	0	3	94867b00dde2fdeb03e9c247cbdd18d02fe6b87995de327c4b2f666d7d3a0298
function	_section7c_jump_scores	<module>	11877	11946	70	0	2	63e87cb512c5bf5011a49fd77fef70b655c0fa267e32b6f5bb129ee9b4b4287d
function	_safe_float_from_state	<module>	12264	12272	9	0	2	9e9005116e0ee2c19083f75e969f0566102df72b31dee4da67bb4cb069c0abf9
function	profile_distance	<module>	12291	12298	8	0	1	dc3e706ae968f641e0302463c2eb2f7941156449784210ad5977aefa0336e9f6
function	extract_external_class_api_payload_v606	<module>	12355	12394	40	0	1	feb4d8e6bc71298ffed8d50c9cee5f1811af7ed138150b7ddf08ad36785ce4a5
function	_dti_render_jump_translator_boundary_badges_v1	<module>	12549	12571	23	0	1	d467b0b858ee429d1b246d132d7932b2dc36185bb0c00d7f8d2d971a547455cd
function	_dti_call_jump_translator_v1	<module>	12574	12593	20	0	2	64c4a09356f914e84814d46f8f6044ca9f46efe9136ef95ac7ccf7fee505ff1b
function	_dti_render_jump_translator_panel_v1	<module>	12596	12690	95	0	0	48ad39de4f8dce97033a0b2dcc260b67540f7e938d98c0e48f39fbc370cf7156
function	_dti_bounded_status_badge	<module>	12703	12706	4	0	1	ec103fed9a7f55c72c16a056bd049590db1560dbc113c72522d8b0974286bc9c
function	_render_dti_bounded_capability_status_panel	<module>	12709	12798	90	0	1	f9daa73a3351e3fcd94345b66d09f4385649c9c06d59a382056ca5678b29e7d8
function	strategy_ab_validate_float64_schema_v1	<module>	12985	13135	151	0	3	4e081a7100adc37317f17bdd11780d2267adfe88fdfea796d2d82d4660eb8d5a
function	_sha256_file	strategy_ab_validate_float64_schema_v1	13060	13065	6	0	1	3679837a0eed5b9995f958754d5259e1de11dd43bfdb14b211c5b31cb91e94c4
function	_strategy_ab_sha256_file_v1	<module>	13155	13156	2	0	1	b91706d45cb714930cea7c796d0229e94de7bd7f35b4062aac785abe8ce5545d
function	_dti_render_command_center_display_only_v1	<module>	13334	13388	55	0	0	f6184b2b33700d42b2f21f447707ee776058364e7aa46f0c47a8a1a0006025c3
function	_dti_render_desi_dr2_local_static_audit_panel_v1	<module>	13392	13463	72	0	0	46f84ef3b110f34679c7c95cab4ff62511c3239a9bc7cd25ce89b282a3bb4ce1
function	_dti_embedded_posterior_viewer_public_section	<module>	13534	13573	40	0	0	878159aeca4f3d32fdb7259262fa44308d975e41d044244481a6fda8cdc198f7
function	_dti_render_embedded_bao_sdss_dr16cosmo_posterior_v1	<module>	13577	13893	317	0	0	9aea5abd84321de73c4f8b7386a51ad6809ecfcb0f07bd324b360c33b86931d4
function	_dti_redact_local_paths_for_public_ui_v1	_dti_render_embedded_bao_sdss_dr16cosmo_posterior_v1	13601	13619	19	0	1	c30ed82e05dc61cdecc53dbb58ed423fcd14460ba61d0442de811ecda3305884
function	_dti_numeric_chart_frame_v1	_dti_render_embedded_bao_sdss_dr16cosmo_posterior_v1	13708	13727	20	0	2	d81320e1c3aa0db4ab8b6773e8e825100fca55729127496c133c96e03ae1a709
function	_dti_html_bar_chart_from_numeric_frame_v1	_dti_render_embedded_bao_sdss_dr16cosmo_posterior_v1	13729	13776	48	0	2	1e253d31d6906f5ed2f0a630ddafaf889033bce2bb1526816e6234503b7cd5db
function	_dti_render_likelihood_definition_binder_v1	<module>	14155	14202	48	0	0	eb235e476ec45b2aa4e68bab861fae26bd79ef2ce604233b4e460829daa95c7e
function	_dti_claim_boundary_red_shield_viewer_v1	<module>	14208	14246	39	0	0	6cbdca379add969c44854a8cfe05296b0ed95209b6cbe74e7d6a3fa2e402ad61
function	_dti_render_woc_payload_detail_summary_v1	<module>	14442	14540	99	0	0	64fef9d39af8d93210471ff73aac1de443080e64f8c6caed4b015a9d95cde0b4
function	_dti_render_strategy_ab_proxy_emulator_public_ready_v1	<module>	14552	14744	193	0	0	c62eeffa07ff2145ead32bb43037ae640cd0af71c4447decd8fd3fb9a3916d64
function	_dti_render_strategy_ab_proxy_emulator_readiness_v1	<module>	14909	14962	54	0	0	0c25e88dc4c75e83151b97e3de7408e0ce15b1084771225aa3e525932bb6019a
function	_dti_render_desi_dr2_cosmology_products_ui_v1	<module>	14978	15054	77	0	0	1bce4ae832647f5ebb5e25a9fde9c37f1b4c1ac5864d51fb3a94eb29df24af6c
function	_dti_try_render_desi_dr2_cosmology_products_ui_v1	<module>	15057	15062	6	0	0	154fd3fae530f5867ecb1501d2fce5f6edad4fb09e0618e3dce7e72697c36fd5
function	_dti_render_desi_dr2_f4_base_bao_all_static_diagnostic_v1	<module>	15154	15181	28	0	0	39009e27e32cd2622234968a79bdc556db5707d24009c180ef654d09a80c51b5
function	_dti_render_desi_dr2_iminuit_product_index_static_payload_v1c	<module>	15187	15248	62	0	0	e752d763cb843039a2137ba55c1ab533ebca7e480fb9532fca0d05e5e11493bb
function	_dti_render_desi_dr2_bao_cosmo_params_source_map_payload_v1b	<module>	15255	15299	45	0	0	a9d7699b3ffad63f762a8f138eea05892dcace6ede67cefaf7508bbd4fbcb398
function	_dti_render_cache_stub_diagnostic_viewer_v1	<module>	15444	15517	74	0	0	f805c0528f3fa1f2dcfab5af9cca9c2b78956510f2593375505a119fdb940c08
function	_dti_render_bao_covariance_likelihood_adapter_readiness_v1	<module>	15525	15618	94	0	0	3504a708b23b28f972536937022b4b0800bc9aa2b940da86ba034c279fa0f158
function	_dti_render_backend_runtime_adapter_v1	<module>	15620	15717	98	0	0	365b36a33ddc2fb235d85444e890c1cf3b0e7da4a8ce5206a3695b9ae508ac43
function	_dti_render_interactive_query_mode_adapter_v1	<module>	15727	15822	96	0	0	f734269e0e8babd27263771c653ea58c77b6dfd8ed4a4dc10499a8e270765378
function	_dti_render_strategy_ab_proxy_emulator_activation_design_scaffold_v1	<module>	15900	15945	46	0	0	a61903f4aefbc9d614a180e9faae5e96340961ff61fd04d2426acc9eae85239f
function	render_dti_jump_visual_cognitive_revival_panel_v2b_png_image	<module>	15989	16200	212	0	0	5236772edaa90860e707fbc9f01f2a6ee073c4d1407c6c76c05df5f43c225a64
function	_smooth_wall	render_dti_jump_visual_cognitive_revival_panel_v2b_png_image	16078	16079	2	0	3	8dfde424dacbfd85e005c4c42b095ead681389303c09338dd05f77817b42aca8
function	_growth_gate	render_dti_jump_visual_cognitive_revival_panel_v2b_png_image	16081	16082	2	0	1	828c2006cf83ef87010f734fce59a91d9577e41928986c91bbd8a2e1894c55e9
function	_delta_dl_proxy	render_dti_jump_visual_cognitive_revival_panel_v2b_png_image	16084	16088	5	0	2	12a7711613d64e425fe8db9932e15e4570dcc9b6b8e4adc16b323546a2e4f399
function	_dti_stage2_loader_binding_status_panel	<module>	16302	16335	34	0	0	38a9ca1282f8f15c65b42bcec0a7cc11b05d58458b7371e47e61e680fc0afaa5
function	_dti_stage2_lookup_solver_binding_status_v1	<module>	16347	16371	25	0	0	7bce220accdd784a8ba506855afe7cc2abbe6cd7d56e2d753b60a17f9c9df31a
function	_dti_stage2_lookup_solver_status_panel_v1	<module>	16374	16394	21	0	1	6d77977dbf1974c045ce2542819619e39e5ef8d91d90ce18d2efeb84ef2c1e2f
function	_render_rs_fixed_diagnostic_panel_v1	<module>	16431	16518	88	0	0	e2952672623959e817fcecf5a55f1f0f7e2603a19f58f4ac586d654556346160
function	_render_r3_restricted_scan_panel_v2	<module>	16531	16624	94	0	0	e10b1b656b26182536e87801427ab525ca35e81848d21cd60f9e99492ac684e6
function	_dti_load_frozen_one_point_likelihood_asset_v1	<module>	16634	16706	73	0	0	cfe453b29b6caa7c641e0f9d9bc1ad9b5098db18f338ec90b33a0dbf0968f1ec
function	_dti_render_frozen_one_point_likelihood_asset_panel_v1	<module>	16709	16773	65	0	0	ae485881ebb7e04047309d836ecc7ad2d80f6208c838f3c0d733ff530d8c2d82
function	_dti_app_indicator_surface_stage3_v1	<module>	16785	16857	73	0	0	70e01a7e9507f244cbd2cc7be25ecd5fd3451881e818ed41beb436ff89d11b6d
function	_render_dr2_stage3_posterior_candidate_panel_v1	<module>	16864	16906	43	0	0	23276fdeba3e2f1130d71c3ec31325d29e35ef91f54c999e78a60179b8fd8281
function	_dti_physical_bao_public_endpoint_v1	<module>	16968	16997	30	0	0	01f542d62e4a89d7349fb1112ca8b2d41065372c6aa796c7570490cac3f8059a
function	_dti_render_public_physical_bao_panel_v1	<module>	17000	17191	192	0	0	2224b58b6e4b82d52553f026e7a1a5dc55f88c11ba42167863ee332cfc7ff7cc
